{
  "Tbin": 277.04999999999995,
  "Tceiling": 277.04999999999995,
  "Tinground": 277.04999999999995,
  "Tintmass": 277.04999999999995,
  "Tinwallshd": 277.04999999999995,
  "Tinwallsun": 277.04999999999995,
  "Twindow": 277.04999999999995
}