{
  "Hbuild": 6.5,
  "Tceiling": 277.04999999999995,
  "Tground": 277.04999999999995,
  "Tinwallshd": 277.04999999999995,
  "Tinwallsun": 277.04999999999995,
  "Wroof": 4.73,
  "ec": 0.95,
  "eg": 0.95,
  "ew": 0.95
}