{
  "Anthropogenic": {
    "Tb": 291.15,
    "Qf_canyon": 10,
    "Qf_roof": 0,
    "Waterf_canyonVeg": 0,
    "Waterf_canyonBare": 0,
    "Waterf_roof": 0
  },
  "BEM_on": 1,
  "Owater": {
    "OwRoofSoilVeg": [
      0.27961016494080004,
      0.27961016494080004,
      0.27961016494080004,
      0.27961016494080004
    ],
    "OwGroundSoilImp": [
      null,
      null,
      0.27961016494080004,
      0.27961016494080004,
      0.27961016494080004,
      0.27961016494080004,
      0.27961016494080004,
      0.27961016494080004,
      0.27961016494080004,
      0.27961016494080004,
      0.27961016494080004,
      0.27961016494080004,
      0.27961016494080004
    ],
    "OwGroundSoilBare": [
      0.27961016494080004,
      0.27961016494080004,
      0.27961016494080004,
      0.27961016494080004,
      0.27961016494080004,
      0.27961016494080004,
      0.27961016494080004,
      0.27961016494080004,
      0.27961016494080004,
      0.27961016494080004,
      0.27961016494080004,
      0.27961016494080004,
      0.27961016494080004
    ],
    "OwGroundSoilVeg": [
      0.27961016494080004,
      0.27961016494080004,
      0.27961016494080004,
      0.27961016494080004,
      0.27961016494080004,
      0.27961016494080004,
      0.27961016494080004,
      0.27961016494080004,
      0.27961016494080004,
      0.27961016494080004,
      0.27961016494080004,
      0.27961016494080004,
      0.27961016494080004
    ],
    "OwGroundSoilTot": [
      0.27961016494080004,
      0.27961016494080004,
      0.27961016494080004,
      0.27961016494080004,
      0.27961016494080004,
      0.27961016494080004,
      0.27961016494080004,
      0.27961016494080004,
      0.27961016494080004,
      0.27961016494080004,
      0.27961016494080004,
      0.27961016494080004,
      0.27961016494080004
    ]
  },
  "ParCalculation": {
    "dts": 3600,
    "dth": 1,
    "row": 1000,
    "cp_atm": 1005.2175096611177,
    "rho_atm": 1.1893660307070875
  },
  "ParSoilRoof": {
    "Zs": [
      0,
      10,
      20,
      50,
      100
    ],
    "ms": 4,
    "dz1": 0.1,
    "dz2": 0.1,
    "FixSM_R": 1,
    "FixSM_LayerStart_R": 1,
    "FixSM_LayerEnd_R": 4,
    "In_max_imp": 0.25,
    "In_max_ground": 10,
    "Sp_In": 0.2,
    "Kimp": 0,
    "Kfc": 0.2,
    "Phy": 10000,
    "SPAR": 2,
    "Kbot": null,
    "Pcla": 0.2,
    "Psan": 0.4,
    "Porg": 0.025
  },
  "ParThermalRoof": {
    "lan_dry_imp": 0.67,
    "cv_s_imp": 1.0E+6
  },
  "ParVegRoof": {
    "LAI": 2.5,
    "SAI": 0.001,
    "hc": 0.15,
    "h_disp": 0.099999999999999992,
    "d_leaf": 0.8,
    "CASE_ROOT": 1,
    "ZR95": 70,
    "ZR50": null,
    "ZRmax": null,
    "Rrootl": 3800,
    "PsiL50": -4,
    "PsiX50": -4.5,
    "FI": 0.081,
    "Do": 1000,
    "a1": 6,
    "go": 0.01,
    "CT": 3,
    "DSE": 0.656,
    "Ha": 55,
    "gmes": null,
    "rjv": 2.4,
    "Kopt": 0.5,
    "Knit": 0.15,
    "Vmax": 68,
    "mSl": 0,
    "e_rel": 1,
    "e_relN": 1,
    "Psi_sto_00": -0.5,
    "Psi_sto_50": -3,
    "Sl": 0.035
  },
  "TempVec_ittm": {
    "TRoofImp": 277.04999999999995,
    "TRoofVeg": 277.04999999999995,
    "TRoofIntImp": 277.04999999999995,
    "TRoofIntVeg": 277.04999999999995,
    "TGroundImp": 277.04999999999995,
    "TGroundBare": 277.04999999999995,
    "TGroundVeg": 277.04999999999995,
    "TTree": 277.04999999999995,
    "TWallSun": 277.04999999999995,
    "TWallShade": 277.04999999999995,
    "TWallIntSun": 277.04999999999995,
    "TWallIntShade": 277.04999999999995,
    "TCanyon": 277.04999999999995,
    "Tatm": 277.04999999999995,
    "T2m": 277.04999999999995
  },
  "TemperatureB": [
    277.04999999999995,
    277.04999999999995,
    277.04999999999995,
    277.04999999999995,
    277.04999999999995,
    277.04999999999995,
    277.04999999999995,
    0.0050219644814304557
  ],
  "TemperatureR": [
    277.04999999999995,
    277.04999999999995,
    277.04999999999995,
    277.04999999999995
  ]
}