{
  "CTt": 7.1497449505658546E-6,
  "Tdptm1": 4,
  "Ts": 3.8999999999999773,
  "Tstm1": 3.8999999999999773,
  "dt": 3600
}