{
  "MeteoDataRaw": {
    "LWR_in": [
      320.44956203280935,
      321.31884441535436
    ],
    "SAB1_in": [
      0,
      0
    ],
    "SAB2_in": [
      0,
      0
    ],
    "SAD1_in": [
      0,
      0
    ],
    "SAD2_in": [
      0,
      0
    ],
    "T_atm": [
      277.04999999999995,
      277.25
    ],
    "windspeed_u": [
      0.4,
      0.4
    ],
    "pressure_atm": [
      94872.321056993358,
      94872.321056993358
    ],
    "rain": [
      0,
      0
    ],
    "rel_humidity": [
      0.946,
      0.93900000000000006
    ],
    "Date": [
      "01-Jan-2010 01:00:00",
      "01-Jan-2010 02:00:00"
    ]
  },
  "itt": 1,
  "varargin": [
    {
      "SoilPotWGroundTot_H": 0,
      "SoilPotWGroundVeg_L": 0
    }
  ]
}