{
  "BoleanInSun": 0,
  "SWR_dir": 0,
  "theta_Z": 1.5707963267948966,
  "zeta_S": 0.32103876540771181
}