{
  "RH": 91.874439847765629,
  "Ta": 4.3230056782613815,
  "Tmrt": 3.4838680767591654,
  "va": 0.104649649571975
}