{
  "LWR": 320.44956203280935,
  "Tgbare": 277.04999999999995,
  "Tgimp": 277.04999999999995,
  "Tgveg": 277.04999999999995,
  "Twshade": 277.04999999999995,
  "Twsun": 277.04999999999995,
  "ViewFactor": {
    "F_gs_nT": 0.38030860180886683,
    "F_gw_nT": 0.30984569909556658,
    "F_ww_nT": 0.44895134130080772,
    "F_wg_nT": 0.27552432934959614,
    "F_ws_nT": 0.27552432934959614,
    "F_sg_nT": 0.38030860180886683,
    "F_sw_nT": 0.30984569909556658,
    "F_gs_T": 0.32036815920398021,
    "F_gt_T": 0.097393034825870653,
    "F_gw_T": 0.29111940298507455,
    "F_ww_T": 0.36136505931879059,
    "F_wt_T": 0.1503432835820897,
    "F_wg_T": 0.25887233065442017,
    "F_ws_T": 0.22941932644469951,
    "F_sg_T": 0.32036815920398021,
    "F_sw_T": 0.25799751243781083,
    "F_st_T": 0.16363681592039817,
    "F_tg_T": 0.15500582915258426,
    "F_tw_T": 0.26908511907943788,
    "F_ts_T": 0.26043608125549922,
    "F_tt_T": 0.04638785143304075
  },
  "egbare": 0.95,
  "egimp": 0.95,
  "egveg": 0.91799704534590321,
  "ew": 0.95,
  "fgbare": 0,
  "fgimp": 0.455,
  "fgveg": 0.545,
  "h_can": 1.1245674740484428,
  "w_can": 1
}