{
  "h_can": 1.1245674740484428,
  "theta_Z": 1.5707963267948966,
  "theta_n": -2.8205538881820811,
  "w_can": 1
}