{
  "FractionsGround": {
    "fveg": 0.545,
    "fbare": 0,
    "fimp": 0.455,
    "Per_runoff": 0.9
  },
  "Gemeotry_m": {
    "Height_canyon": 6.5,
    "Width_canyon": 5.78,
    "Width_roof": 4.73,
    "Height_tree": 4.711,
    "Radius_tree": 0.289,
    "Distance_tree": 0.78899999999999992,
    "Hcan_max": null,
    "Hcan_std": null
  },
  "MeteoData": {
    "SW_dir": 0,
    "SW_diff": 0,
    "LWR": 320.44956203280935,
    "Zatm": 25,
    "Tatm": 277.04999999999995,
    "Uatm": 0.4,
    "esat_Tatm": 807.25031297942337,
    "rel_hum": 0.946,
    "ea": 763.65879607853446,
    "Pre": 94872.321056993358,
    "q_atm": 0.0050219644814304557,
    "Catm_CO2": 400,
    "Catm_O2": 210000,
    "Rain": 0,
    "Time": "01-Jan-2010 01:00:00",
    "SunDSM_MRT": null
  },
  "ParTree": {
    "trees": 1,
    "ftree": 1
  },
  "ParVegGround": {
    "LAI": 2.5,
    "SAI": 0.001,
    "hc": 0.15,
    "h_disp": 0.099999999999999992,
    "d_leaf": 0.8,
    "CASE_ROOT": 1,
    "ZR95": 250,
    "ZR50": null,
    "ZRmax": null,
    "Rrootl": 3800,
    "PsiL50": -4,
    "PsiX50": -4.5,
    "FI": 0.081,
    "Do": 1000,
    "a1": 6,
    "go": 0.01,
    "CT": 3,
    "DSE": 0.656,
    "Ha": 55,
    "gmes": null,
    "rjv": 2.4,
    "Kopt": 0.5,
    "Knit": 0.15,
    "Vmax": 68,
    "mSl": 0,
    "e_rel": 1,
    "e_relN": 1,
    "Psi_sto_00": -0.5,
    "Psi_sto_50": -3,
    "Sl": 0.035
  },
  "ParVegTree": {
    "LAI": 5,
    "SAI": 0.2,
    "d_leaf": 4,
    "CASE_ROOT": 1,
    "ZR95": 1000,
    "ZR50": null,
    "ZRmax": null,
    "Rrootl": 4000,
    "PsiL50": -3,
    "PsiX50": -4.5,
    "FI": 0.081,
    "Do": 1000,
    "a1": 9,
    "go": 0.01,
    "CT": 3,
    "DSE": 0.649,
    "Ha": 76,
    "gmes": null,
    "rjv": 2.4,
    "Kopt": 0.5,
    "Knit": 0.35,
    "Vmax": 66,
    "mSl": 0,
    "e_rel": 1,
    "e_relN": 1,
    "Psi_sto_00": -0.5,
    "Psi_sto_50": -2.2,
    "Sl": 0.024,
    "SPARTREE": 2
  },
  "Zp": 1.1
}