{
  "disp_h": 4.9027109348181961,
  "ra": 108.50684094990599,
  "u": 0.4,
  "zatm": 25,
  "zoh": 0.036417730666322035,
  "zom": 0.36417730666322035
}