{
  "CT": 3,
  "Cc": 400,
  "Csl": 400,
  "DS": 0.656,
  "Do": 1000,
  "Ds": 43.591516900888905,
  "FI": 0.081,
  "Ha": 55,
  "IPAR": 0,
  "Oa": 210000,
  "Pre": 948.7232105699336,
  "Psi_L": 0,
  "Psi_sto_00": -0.5,
  "Psi_sto_50": -3,
  "Ts": 3.8999999999999773,
  "Vmax": 58.87593470069573,
  "a1": 6,
  "gmes": 1.7976931348623157E+308,
  "go": 0.01,
  "ra": 100,
  "rb": 50,
  "rjv": 2.4
}