{
  "Pre": 94872.321056993358,
  "RoughnessParameter": [
    "MacD"
  ],
  "Ta": 3.8999999999999773,
  "Ts": 3.9000000000000341,
  "Zatm": 25,
  "Zp1": 4.711,
  "Zp2": 2,
  "Zp3": 2,
  "Zref_und": 1.5,
  "dcan": 4.9027109348181961,
  "ea": 763.65879607853446,
  "hcan": 6.5,
  "hcan_max": "NaN",
  "uatm": 0.4,
  "zom_und": 0.018449999999999998,
  "zomcan": 0.36417730666322035
}