{
  "Ta": 3.8999999999999773,
  "Ts": 3.8999999999999773,
  "alpha": 0.35064518296922104,
  "d_leaf": 4,
  "u_hc": 0.13388297098894722
}