{
  "CASE_ROOT_H": 1,
  "CASE_ROOT_L": 1,
  "Kbot": "NaN",
  "Kfc": 0.2,
  "Pcla": 0.2,
  "Phy": 10000,
  "Porg": 0.025,
  "Psan": 0.4,
  "PsiL50_H": -3,
  "PsiL50_L": -4,
  "PsiX50_H": -4.5,
  "PsiX50_L": -4.5,
  "Rrootl_H": 4000,
  "Rrootl_L": 3800,
  "SPAR": 2,
  "V": [
    5.4924392809379876,
    9.1701567297657043,
    9.17363465812479,
    9.17430166817129,
    18.348688551575648,
    18.348690046719419,
    36.697380130282383,
    36.697380130433764,
    36.69738013043424,
    91.7434503260856,
    91.7434503260856
  ],
  "ZR50_H": "NaN",
  "ZR50_L": "NaN",
  "ZR95_H": 1000,
  "ZR95_L": 250,
  "ZRmax_H": "NaN",
  "ZRmax_L": "NaN",
  "Zs": [
    0,
    30,
    80,
    130,
    180,
    280,
    380,
    580,
    780,
    980,
    1480,
    1980
  ]
}