{
  "Ks": 15.475656399419266,
  "L": 0.18687368524040304,
  "O": 0.27961016494080004,
  "O33": 0.27961016494080004,
  "Ohy": 0.096123264288628857,
  "Osat": 0.45947824494080003,
  "Pe": 3.9121210762443326,
  "SPAR": 2,
  "alpVG": -9.634329919190001E-5,
  "nVG": 1.1868736852404029
}