{
  "FractionsGround": {
    "fveg": 0.545,
    "fbare": 0,
    "fimp": 0.455,
    "Per_runoff": 0.9
  },
  "Gemeotry_m": {
    "Height_canyon": 6.5,
    "Width_canyon": 5.78,
    "Width_roof": 4.73,
    "Height_tree": 4.711,
    "Radius_tree": 0.289,
    "Distance_tree": 0.78899999999999992,
    "Hcan_max": null,
    "Hcan_std": null
  },
  "MeteoData": {
    "SW_dir": 0,
    "SW_diff": 0,
    "LWR": 320.44956203280935,
    "Zatm": 25,
    "Tatm": 277.04999999999995,
    "Uatm": 0.4,
    "esat_Tatm": 807.25031297942337,
    "rel_hum": 0.946,
    "ea": 763.65879607853446,
    "Pre": 94872.321056993358,
    "q_atm": 0.0050219644814304557,
    "Catm_CO2": 400,
    "Catm_O2": 210000,
    "Rain": 0,
    "Time": "01-Jan-2010 01:00:00",
    "SunDSM_MRT": null
  },
  "ParCalculation": {
    "dts": 3600,
    "dth": 1,
    "row": 1000,
    "cp_atm": 1005.2175096611177,
    "rho_atm": 1.1893660307070875
  },
  "ParVegGround": {
    "LAI": 2.5,
    "SAI": 0.001,
    "hc": 0.15,
    "h_disp": 0.099999999999999992,
    "d_leaf": 0.8,
    "CASE_ROOT": 1,
    "ZR95": 250,
    "ZR50": null,
    "ZRmax": null,
    "Rrootl": 3800,
    "PsiL50": -4,
    "PsiX50": -4.5,
    "FI": 0.081,
    "Do": 1000,
    "a1": 6,
    "go": 0.01,
    "CT": 3,
    "DSE": 0.656,
    "Ha": 55,
    "gmes": null,
    "rjv": 2.4,
    "Kopt": 0.5,
    "Knit": 0.15,
    "Vmax": 68,
    "mSl": 0,
    "e_rel": 1,
    "e_relN": 1,
    "Psi_sto_00": -0.5,
    "Psi_sto_50": -3,
    "Sl": 0.035
  },
  "RES_w1": 97.313256113403142,
  "Tbare": 273.15,
  "Tcan": 277.77406051949447,
  "TempVec_ittm": {
    "TRoofImp": 277.04999999999995,
    "TRoofVeg": 277.04999999999995,
    "TRoofIntImp": 277.04999999999995,
    "TRoofIntVeg": 277.04999999999995,
    "TGroundImp": 277.04999999999995,
    "TGroundBare": 277.04999999999995,
    "TGroundVeg": 277.04999999999995,
    "TTree": 277.04999999999995,
    "TWallSun": 277.04999999999995,
    "TWallShade": 277.04999999999995,
    "TWallIntSun": 277.04999999999995,
    "TWallIntShade": 277.04999999999995,
    "TCanyon": 277.04999999999995,
    "Tatm": 277.04999999999995,
    "T2m": 277.04999999999995
  },
  "Timp": 277.00722438050548,
  "Tveg": 277.00878523167552,
  "Twshade": 277.48925768600952,
  "Twsun": 277.48925768600958,
  "Zp1": 2,
  "cp_atm": 1005.2175096611177,
  "fconv": 0.67088771918059509,
  "geometry": {
    "hcanyon": 1.1245674740484428,
    "wcanyon": 1,
    "wroof": 0.81833910034602075,
    "htree": 0.81505190311418685,
    "radius_tree": 0.049999999999999996,
    "distance_tree": 0.13650519031141867,
    "ratio": 1.1245674740484428,
    "wcanyon_norm": 0.54995242626070406,
    "wroof_norm": 0.45004757373929588
  },
  "rap_can2m": 26154.622329302547,
  "rap_can2m_Inv": 3564.5382147499622,
  "rb_L": 84.202532941218735,
  "rho_atm": 1.1893660307070875
}