{
  "CASE_ROOT_H": 1,
  "CASE_ROOT_L": 1,
  "E_soil": 5.545272531209145E-10,
  "Kbot": "NaN",
  "Kfc": 0.2,
  "Otm1": [
    0.27961016494080004,
    0.27961016494080004,
    0.27961016494080004,
    0.27961016494080004
  ],
  "Pcla": 0.2,
  "Phy": 10000,
  "Porg": 0.025,
  "Psan": 0.4,
  "PsiL50_H": 0,
  "PsiL50_L": -4,
  "PsiX50_H": 0,
  "PsiX50_L": -4.5,
  "Qlat_in": [
    0,
    0,
    0,
    0,
    0
  ],
  "Rrootl_H": 0,
  "Rrootl_L": 3800,
  "SPAR": 2,
  "TE_H": 0,
  "TE_L": 0,
  "ZR50_H": 0,
  "ZR50_L": "NaN",
  "ZR95_H": 0,
  "ZR95_L": 70,
  "ZRmax_H": 0,
  "ZRmax_L": "NaN",
  "Zs": [
    0,
    10,
    20,
    50,
    100
  ],
  "dth": 1,
  "f": 0,
  "row": 1000
}