{
  "Anthropo": {
    "Tb": [
      291.15,
      291.15
    ],
    "Qf_canyon": [
      10,
      10
    ],
    "Qf_roof": [
      0,
      0
    ],
    "Waterf_canyonVeg": [
      0,
      0
    ],
    "Waterf_canyonBare": [
      0,
      0
    ],
    "Waterf_roof": [
      0,
      0
    ]
  },
  "BEMWasteHeat": {
    "SensibleFromAC_Can": [
      0,
      0
    ],
    "LatentFromAC_Can": [
      0,
      0
    ],
    "WaterFromAC_Can": [
      0,
      0
    ],
    "SensibleFromHeat_Can": [
      0,
      0
    ],
    "LatentFromHeat_Can": [
      0,
      0
    ],
    "SensibleFromVent_Can": [
      13.580989044236095,
      13.357880887126139
    ],
    "LatentFromVent_Can": [
      -0.00029821678606910994,
      -0.047258677620034883
    ],
    "TotAnthInput_URB": [
      90.851959806247,
      72.926327505966555
    ]
  },
  "Figure": 1,
  "FractionsGround_Out": {
    "fveg": 0.545,
    "fbare": 0,
    "fimp": 0.455,
    "Per_runoff": 0.9
  },
  "FractionsRoof_Out": {
    "fveg": 0.5,
    "fimp": 0.5,
    "Per_runoff": 1
  },
  "Gemeotry_m_Out": {
    "Height_canyon": 6.5,
    "Width_canyon": 5.78,
    "Width_roof": 4.73,
    "Height_tree": 4.711,
    "Radius_tree": 0.289,
    "Distance_tree": 0.78899999999999992,
    "Hcan_max": null,
    "Hcan_std": null
  },
  "Int": {
    "IntRoofImp": [
      8.3434554426436368E-7,
      0
    ],
    "IntRoofVegPlant": [
      0,
      0
    ],
    "IntRoofVegGround": [
      0,
      0
    ],
    "IntRooftot": [
      4.1717277213218184E-7,
      0
    ],
    "IntGroundImp": [
      0,
      0
    ],
    "IntGroundBare": [
      0,
      0
    ],
    "IntGroundVegPlant": [
      0,
      0
    ],
    "IntGroundVegGround": [
      0,
      0
    ],
    "IntTree": [
      0,
      0
    ]
  },
  "LEbuildInt": {
    "LEvent": [
      0.00036441712969967344,
      0.057749504575856578
    ],
    "LEequip": [
      0,
      0
    ],
    "LEpeople": [
      0,
      0
    ],
    "LE_AC_Heat": [
      0,
      0
    ],
    "dSLE_air": [
      0.00036441712972520358,
      0.057749504575854253
    ]
  },
  "LEflux": {
    "LEfluxRoofImp": [
      -0.00057757387209206139,
      0.00057746443376817218
    ],
    "LEfluxRoofVegInt": [
      0,
      0
    ],
    "LEfluxRoofVegPond": [
      0,
      0
    ],
    "LEfluxRoofVegSoil": [
      0.0013819329867373314,
      0.002868424177304815
    ],
    "LTEfluxRoofVeg": [
      0,
      0.0056611599413636362
    ],
    "LEfluxRoofVeg": [
      0.0013819329867373314,
      0.0085295841186684516
    ],
    "LEfluxRoof": [
      0.000402179557322635,
      0.0045535242762183119
    ],
    "LEfluxGroundImp": [
      0,
      0
    ],
    "LEfluxGroundBarePond": [
      -0,
      -0
    ],
    "LEfluxGroundBareSoil": [
      0,
      0
    ],
    "LEfluxGroundBare": [
      0,
      0
    ],
    "LEfluxGroundVegInt": [
      0,
      0
    ],
    "LEfluxGroundVegPond": [
      0,
      0
    ],
    "LEfluxGroundVegSoil": [
      0.026671996879517157,
      0.023112939322953538
    ],
    "LTEfluxGroundVeg": [
      0,
      0.043914505848624837
    ],
    "LEfluxGroundVeg": [
      0.026671996879517157,
      0.067027445171578381
    ],
    "LEfluxGround": [
      0.014536238299336852,
      0.036529957618510224
    ],
    "LEfluxTreeInt": [
      0,
      0
    ],
    "LTEfluxTree": [
      0,
      0.53799619503403551
    ],
    "LEfluxTree": [
      0,
      0.53799619503403551
    ],
    "LEfluxWallSun": [
      0,
      0
    ],
    "LEfluxWallShade": [
      0,
      0
    ],
    "LEfluxCanyon": [
      0.013144770124645155,
      -0.075649839050580078
    ],
    "LEfluxUrban": [
      0.0074099981566684171,
      -0.039554509979623238
    ],
    "dS_LE_air": [
      0.0010932513891245502,
      0.17252035805700489
    ]
  },
  "Leakage": {
    "LkRoofImp": [
      0,
      -1.0587911840678754E-22
    ],
    "LkRoofVeg": [
      0.017134579640331167,
      0.017134579640331167
    ],
    "LkRoof": [
      0.0085672898201655835,
      0.0085672898201655835
    ],
    "LkGroundImp": [
      0.017134579640331167,
      0.017134579640331167
    ],
    "LkGroundBare": [
      0.017134579640331167,
      0.017134579640331167
    ],
    "LkGroundVeg": [
      0.017134579640331167,
      0.017134579640331167
    ],
    "LkGround": [
      0.017134579640331167,
      0.017134579640331167
    ],
    "LkUrban": [
      0.013278891643244277,
      0.013278891643244277
    ]
  },
  "MeteoDataRaw": {
    "LWR_in": [
      320.44956203280935,
      321.31884441535436
    ],
    "SAB1_in": [
      0,
      0
    ],
    "SAB2_in": [
      0,
      0
    ],
    "SAD1_in": [
      0,
      0
    ],
    "SAD2_in": [
      0,
      0
    ],
    "T_atm": [
      277.04999999999995,
      277.25
    ],
    "windspeed_u": [
      0.4,
      0.4
    ],
    "pressure_atm": [
      94872.321056993358,
      94872.321056993358
    ],
    "rain": [
      0,
      0
    ],
    "rel_humidity": [
      0.946,
      0.93900000000000006
    ],
    "Date": [
      "01-Jan-2010 01:00:00",
      "01-Jan-2010 02:00:00"
    ]
  },
  "Owater": {
    "OwRoofSoilVeg": [
      [
        0.27961016494080004,
        0.28014655433447389,
        0.27961016494080004,
        0.27961016494080004
      ],
      [
        0.27961016494080004,
        0.27965787356443333,
        0.27961016494080004,
        0.27961016494080004
      ]
    ],
    "OwGroundSoilImp": [
      [
        0,
        0,
        0.27920457365322848,
        0.27952639888394293,
        0.27959595745112464,
        0.27961016494080004,
        0.27961016494080004,
        0.27961016494080004,
        0.27961016494080004,
        0.27961016494080004,
        0.27961016494080004,
        0.27961016494080004,
        0.27961016494080004
      ],
      [
        0,
        0,
        0.2789757897688217,
        0.279377838148399,
        0.27955304454713359,
        0.27961016494080004,
        0.27961016494080004,
        0.27961016494080004,
        0.27961016494080004,
        0.27961016494080004,
        0.27961016494080004,
        0.27961016494080004,
        0.27961016494080004
      ]
    ],
    "OwGroundSoilBare": [
      [
        0.27869780171095476,
        0.28014653489257679,
        0.27922711412952472,
        0.27957445003646031,
        0.27960830540702042,
        0.27961016494080004,
        0.27961016494080004,
        0.27961016494080004,
        0.27961016494080004,
        0.27961016494080004,
        0.27961016494080004,
        0.27961016494080004,
        0.27961016494080004
      ],
      [
        0.27852345887864643,
        0.27999096558716818,
        0.27905867270812046,
        0.27943787773152451,
        0.27957539718167368,
        0.27961016494080004,
        0.27961016494080004,
        0.27961016494080004,
        0.27961016494080004,
        0.27961016494080004,
        0.27961016494080004,
        0.27961016494080004,
        0.27961016494080004
      ]
    ],
    "OwGroundSoilVeg": [
      [
        0.27869575330547164,
        0.28014772071695804,
        0.27922614526922124,
        0.27957411826763523,
        0.27960823637608423,
        0.27961016494080004,
        0.27961016494080004,
        0.27961016494080004,
        0.27961016494080004,
        0.27961016494080004,
        0.27961016494080004,
        0.27961016494080004,
        0.27961016494080004
      ],
      [
        0.27851586720128119,
        0.279996731338476,
        0.27905477854582533,
        0.27943598247384283,
        0.2795743042287625,
        0.27961016494080004,
        0.27961016494080004,
        0.27961016494080004,
        0.27961016494080004,
        0.27961016494080004,
        0.27961016494080004,
        0.27961016494080004,
        0.27961016494080004
      ]
    ],