{
  "Anthropogenic": {
    "Tb": 291.15,
    "Qf_canyon": 10,
    "Qf_roof": 0,
    "Waterf_canyonVeg": 0,
    "Waterf_canyonBare": 0,
    "Waterf_roof": 0
  },
  "Eroof_ground": 0,
  "Eroof_imp": -2.3176265118454546E-10,
  "Eroof_soil": 5.545272531209145E-10,
  "Eroof_veg": 0,
  "FractionsRoof": {
    "fveg": 0.5,
    "fimp": 0.5,
    "Per_runoff": 1
  },
  "Int_ittm": {
    "IntRoofImp": 0,
    "IntRoofVegPlant": 0,
    "IntRoofVegGround": 0,
    "IntRooftot": 0,
    "IntGroundImp": 0,
    "IntGroundBare": 0,
    "IntGroundVegPlant": 0,
    "IntGroundVegGround": 0,
    "IntTree": 0
  },
  "MeteoData": {
    "SW_dir": 0,
    "SW_diff": 0,
    "LWR": 320.44956203280935,
    "Zatm": 25,
    "Tatm": 277.04999999999995,
    "Uatm": 0.4,
    "esat_Tatm": 807.25031297942337,
    "rel_hum": 0.946,
    "ea": 763.65879607853446,
    "Pre": 94872.321056993358,
    "q_atm": 0.0050219644814304557,
    "Catm_CO2": 400,
    "Catm_O2": 210000,
    "Rain": 0,
    "Time": "01-Jan-2010 01:00:00",
    "SunDSM_MRT": null
  },
  "Owater_ittm": {
    "OwRoofSoilVeg": [
      0.27961016494080004,
      0.27961016494080004,
      0.27961016494080004,
      0.27961016494080004
    ],
    "OwGroundSoilImp": [
      null,
      null,
      0.27961016494080004,
      0.27961016494080004,
      0.27961016494080004,
      0.27961016494080004,
      0.27961016494080004,
      0.27961016494080004,
      0.27961016494080004,
      0.27961016494080004,
      0.27961016494080004,
      0.27961016494080004,
      0.27961016494080004
    ],
    "OwGroundSoilBare": [
      0.27961016494080004,
      0.27961016494080004,
      0.27961016494080004,
      0.27961016494080004,
      0.27961016494080004,
      0.27961016494080004,
      0.27961016494080004,
      0.27961016494080004,
      0.27961016494080004,
      0.27961016494080004,
      0.27961016494080004,
      0.27961016494080004,
      0.27961016494080004
    ],
    "OwGroundSoilVeg": [
      0.27961016494080004,
      0.27961016494080004,
      0.27961016494080004,
      0.27961016494080004,
      0.27961016494080004,
      0.27961016494080004,
      0.27961016494080004,
      0.27961016494080004,
      0.27961016494080004,
      0.27961016494080004,
      0.27961016494080004,
      0.27961016494080004,
      0.27961016494080004
    ],
    "OwGroundSoilTot": [
      0.27961016494080004,
      0.27961016494080004,
      0.27961016494080004,
      0.27961016494080004,
      0.27961016494080004,
      0.27961016494080004,
      0.27961016494080004,
      0.27961016494080004,
      0.27961016494080004,
      0.27961016494080004,
      0.27961016494080004,
      0.27961016494080004,
      0.27961016494080004
    ]
  },
  "ParCalculation": {
    "dts": 3600,
    "dth": 1,
    "row": 1000,
    "cp_atm": 1005.2175096611177,
    "rho_atm": 1.1893660307070875
  },
  "ParSoilRoof": {
    "Zs": [
      0,
      10,
      20,
      50,
      100
    ],
    "ms": 4,
    "dz1": 0.1,
    "dz2": 0.1,
    "FixSM_R": 1,
    "FixSM_LayerStart_R": 1,
    "FixSM_LayerEnd_R": 4,
    "In_max_imp": 0.25,
    "In_max_ground": 10,
    "Sp_In": 0.2,
    "Kimp": 0,
    "Kfc": 0.2,
    "Phy": 10000,
    "SPAR": 2,
    "Kbot": null,
    "Pcla": 0.2,
    "Psan": 0.4,
    "Porg": 0.025
  },
  "ParVegRoof": {
    "LAI": 2.5,
    "SAI": 0.001,
    "hc": 0.15,
    "h_disp": 0.099999999999999992,
    "d_leaf": 0.8,
    "CASE_ROOT": 1,
    "ZR95": 70,
    "ZR50": null,
    "ZRmax": null,
    "Rrootl": 3800,
    "PsiL50": -4,
    "PsiX50": -4.5,
    "FI": 0.081,
    "Do": 1000,
    "a1": 6,
    "go": 0.01,
    "CT": 3,
    "DSE": 0.656,
    "Ha": 55,
    "gmes": 1.7976931348623157E+308,
    "rjv": 2.4,
    "Kopt": 0.5,
    "Knit": 0.15,
    "Vmax": 68,
    "mSl": 0,
    "e_rel": 1,
    "e_relN": 1,
    "Psi_sto_00": -0.5,
    "Psi_sto_50": -3,
    "Sl": 0.035
  },
  "Runon_ittm": {
    "RunonRoofTot": 0,
    "RunoffRoofTot": 0,
    "RunonGroundTot": 0,
    "RunoffGroundTot": 0,
    "RunonUrban": 0,
    "RunoffUrban": 0
  },
  "TEroof_veg": 0
}