{
  "F_cg": 0.3253355138602152,
  "F_cw": 0.33733224306989246,
  "F_gc": 0.3253355138602152,
  "F_gw": 0.3373322430698924,
  "F_wc": 0.24547407841855257,
  "F_wg": 0.24547407841855257,
  "F_ww": 0.50905184316289487,
  "Hbuild": 6.5,
  "ViewFactor": {
    "F_gc": 0.3253355138602152,
    "F_gw": 0.3373322430698924,
    "F_ww": 0.50905184316289487,
    "F_wg": 0.24547407841855257,
    "F_wc": 0.24547407841855257,
    "F_cg": 0.3253355138602152,
    "F_cw": 0.33733224306989246
  },
  "Wroof": 4.73,
  "a": 11,
  "inputs": {
    "Hbuild": 6.5,
    "Wroof": 4.73
  }
}