{
  "Hbuild": 6.5,
  "LWREBB": {
    "LWREBCeiling": 1.1937117960769673E-12,
    "LWREBWallsun": 0,
    "LWREBWallshd": -1.1937117960769673E-12,
    "LWREBGround": 1.1937117960769673E-12
  },
  "LWRabsB": {
    "LWRabsCeiling": -1.1368683772161593E-12,
    "LWRabsWallsun": 0,
    "LWRabsWallshd": 1.1368683772161593E-12,
    "LWRabsGround": -1.1368683772161593E-12
  },
  "LWRinB": {
    "LWRinCeiling": 334.05323117078751,
    "LWRinWallsun": 334.05323117078751,
    "LWRinWallshd": 334.05323117078751,
    "LWRinGround": 334.05323117078751
  },
  "LWRoutB": {
    "LWRoutCeiling": 334.05323117078746,
    "LWRoutWallsun": 334.05323117078751,
    "LWRoutWallshd": 334.05323117078757,
    "LWRoutGround": 334.05323117078746
  },
  "Tceiling": 277.04999999999995,
  "Tground": 277.04999999999995,
  "Tinwallshd": 277.04999999999995,
  "Tinwallsun": 277.04999999999995,
  "Wroof": 4.73,
  "a": 11,
  "ec": 0.95,
  "eg": 0.95,
  "ew": 0.95,
  "inputs": {
    "Hbuild": 6.5,
    "Tceiling": 277.04999999999995,
    "Tground": 277.04999999999995,
    "Tinwallshd": 277.04999999999995,
    "Tinwallsun": 277.04999999999995,
    "Wroof": 4.73,
    "ec": 0.95,
    "eg": 0.95,
    "ew": 0.95
  }
}