{
  "FractionsGround": {
    "fveg": 0.545,
    "fbare": 0,
    "fimp": 0.455,
    "Per_runoff": 0.9
  },
  "G": -0.97644280407881545,
  "Owater_ittm": {
    "OwRoofSoilVeg": [
      0.27961016494080004,
      0.27961016494080004,
      0.27961016494080004,
      0.27961016494080004
    ],
    "OwGroundSoilImp": [
      null,
      null,
      0.27961016494080004,
      0.27961016494080004,
      0.27961016494080004,
      0.27961016494080004,
      0.27961016494080004,
      0.27961016494080004,
      0.27961016494080004,
      0.27961016494080004,
      0.27961016494080004,
      0.27961016494080004,
      0.27961016494080004
    ],
    "OwGroundSoilBare": [
      0.27961016494080004,
      0.27961016494080004,
      0.27961016494080004,
      0.27961016494080004,
      0.27961016494080004,
      0.27961016494080004,
      0.27961016494080004,
      0.27961016494080004,
      0.27961016494080004,
      0.27961016494080004,
      0.27961016494080004,
      0.27961016494080004,
      0.27961016494080004
    ],
    "OwGroundSoilVeg": [
      0.27961016494080004,
      0.27961016494080004,
      0.27961016494080004,
      0.27961016494080004,
      0.27961016494080004,
      0.27961016494080004,
      0.27961016494080004,
      0.27961016494080004,
      0.27961016494080004,
      0.27961016494080004,
      0.27961016494080004,
      0.27961016494080004,
      0.27961016494080004
    ],
    "OwGroundSoilTot": [
      0.27961016494080004,
      0.27961016494080004,
      0.27961016494080004,
      0.27961016494080004,
      0.27961016494080004,
      0.27961016494080004,
      0.27961016494080004,
      0.27961016494080004,
      0.27961016494080004,
      0.27961016494080004,
      0.27961016494080004,
      0.27961016494080004,
      0.27961016494080004
    ]
  },
  "ParCalculation": {
    "dts": 3600,
    "dth": 1,
    "row": 1000,
    "cp_atm": 1005.2175096611177,
    "rho_atm": 1.1893660307070875
  },
  "ParSoilGround": {
    "Zs": [
      0,
      10,
      20,
      50,
      100,
      150,
      200,
      300,
      400,
      600,
      800,
      1000,
      1500,
      2000
    ],
    "ms": 13,
    "In_max_imp": 0.5,
    "FixSM_G": 1,
    "FixSM_LayerStart_G": 6,
    "FixSM_LayerEnd_G": 13,
    "In_max_underveg": 10,
    "In_max_bare": 10,
    "Sp_In": 0.2,
    "Kimp": 0.001,
    "Kfc": 0.2,
    "Phy": 10000,
    "SPAR": 2,
    "Kbot": null,
    "Pcla": 0.2,
    "Psan": 0.4,
    "Porg": 0.025
  },
  "ParThermalGround": {
    "lan_dry_imp": 1.2,
    "cv_s_imp": 1.5E+6
  },
  "ParVegGround": {
    "LAI": 2.5,
    "SAI": 0.001,
    "hc": 0.15,
    "h_disp": 0.099999999999999992,
    "d_leaf": 0.8,
    "CASE_ROOT": 1,
    "ZR95": 250,
    "ZR50": null,
    "ZRmax": null,
    "Rrootl": 3800,
    "PsiL50": -4,
    "PsiX50": -4.5,
    "FI": 0.081,
    "Do": 1000,
    "a1": 6,
    "go": 0.01,
    "CT": 3,
    "DSE": 0.656,
    "Ha": 55,
    "gmes": null,
    "rjv": 2.4,
    "Kopt": 0.5,
    "Knit": 0.15,
    "Vmax": 68,
    "mSl": 0,
    "e_rel": 1,
    "e_relN": 1,
    "Psi_sto_00": -0.5,
    "Psi_sto_50": -3,
    "Sl": 0.035
  },
  "ParVegTree": {
    "LAI": 5,
    "SAI": 0.2,
    "d_leaf": 4,
    "CASE_ROOT": 1,
    "ZR95": 1000,
    "ZR50": null,
    "ZRmax": null,
    "Rrootl": 4000,
    "PsiL50": -3,
    "PsiX50": -4.5,
    "FI": 0.081,
    "Do": 1000,
    "a1": 9,
    "go": 0.01,
    "CT": 3,
    "DSE": 0.649,
    "Ha": 76,
    "gmes": null,
    "rjv": 2.4,
    "Kopt": 0.5,
    "Knit": 0.35,
    "Vmax": 66,
    "mSl": 0,
    "e_rel": 1,
    "e_relN": 1,
    "Psi_sto_00": -0.5,
    "Psi_sto_50": -2.2,
    "Sl": 0.024,
    "SPARTREE": 2
  },
  "Tdp": 277.14599999999996,
  "TempDamp_ittm": {
    "TDampGroundImp": 277.15,
    "TDampGroundBare": 277.15,
    "TDampGroundVeg": 277.15,
    "TDampTree": 277.15,
    "TDampGroundBuild": 277.15
  },
  "TempVec_ittm": {
    "TRoofImp": 277.04999999999995,
    "TRoofVeg": 277.04999999999995,
    "TRoofIntImp": 277.04999999999995,
    "TRoofIntVeg": 277.04999999999995,
    "TGroundImp": 277.04999999999995,
    "TGroundBare": 277.04999999999995,
    "TGroundVeg": 277.04999999999995,
    "TTree": 277.04999999999995,
    "TWallSun": 277.04999999999995,
    "TWallShade": 277.04999999999995,
    "TWallIntSun": 277.04999999999995,
    "TWallIntShade": 277.04999999999995,
    "TCanyon": 277.04999999999995,
    "Tatm": 277.04999999999995,
    "T2m": 277.04999999999995
  },
  "TemperatureC": [
    277.04999999999995,
    277.04999999999995,
    277.04999999999995,
    277.04999999999995,
    277.04999999999995,
    277.04999999999995,
    277.04999999999995,
    277.04999999999995,
    277.04999999999995,
    0.0050219644814304557
  ],
  "a": 13,
  "inputs": {
    "FractionsGround": {
      "fveg": 0.545,
      "fbare": 0,
      "fimp": 0.455,
      "Per_runoff": 0.9
    },
    "Owater_ittm": {
      "OwRoofSoilVeg": [
        0.27961016494080004,
        0.27961016494080004,
        0.27961016494080004,
        0.27961016494080004
      ],
      "OwGroundSoilImp": [
        null,
        null,
        0.27961016494080004,
        0.27961016494080004,
        0.27961016494080004,
        0.27961016494080004,
        0.27961016494080004,
        0.27961016494080004,
        0.27961016494080004,
        0.27961016494080004,
        0.27961016494080004,
        0.27961016494080004,
        0.27961016494080004
      ],
      "OwGroundSoilBare": [
        0.27961016494080004,
        0.27961016494080004,
        0.27961016494080004,
        0.27961016494080004,
        0.27961016494080004,
        0.27961016494080004,
        0.27961016494080004,
        0.27961016494080004,
        0.27961016494080004,
        0.27961016494080004,
        0.27961016494080004,
        0.27961016494080004,
        0.27961016494080004
      ],
      "OwGroundSoilVeg": [
        0.27961016494080004,
        0.27961016494080004,
        0.27961016494080004,
        0.27961016494080004,
        0.27961016494080004,
        0.27961016494080004,
        0.27961016494080004,
        0.27961016494080004,
        0.27961016494080004,
        0.27961016494080004,
        0.27961016494080004,
        0.27961016494080004,
        0.27961016494080004
      ],
      "OwGroundSoilTot": [
        0.27961016494080004,
        0.27961016494080004,
        0.27961016494080004,
        0.27961016494080004,
        0.27961016494080004,
        0.27961016494080004,
        0.27961016494080004,
        0.27961016494080004,
        0.27961016494080004,
        0.27961016494080004,
        0.27961016494080004,
        0.27961016494080004,
        0.27961016494080004
      ]
    },
    "ParCalculation": {
      "dts": 3600,
      "dth": 1,
      "row": 1000,
      "cp_atm": 1005.2175096611177,
      "rho_atm": 1.1893660307070875
    },
    "ParSoilGround": {
      "Zs": [
        0,
        10,
        20,
        50,
        100,
        150,
        200,
        300,
        400,
        600,
        800,
        1000,
        1500,
        2000
      ],
      "ms": 13,
      "In_max_imp": 0.5,
      "FixSM_G": 1,
      "FixSM_LayerStart_G": 6,
      "FixSM_LayerEnd_G": 13,
      "In_max_underveg": 10,
      "In_max_bare": 10,
      "Sp_In": 0.2,
      "Kimp": 0.001,
      "Kfc": 0.2,
      "Phy": 10000,
      "SPAR": 2,
      "Kbot": null,
      "Pcla": 0.2,
      "Psan": 0.4,
      "Porg": 0.025
    },
    "ParThermalGround": {
      "lan_dry_imp": 1.2,
      "cv_s_imp": 1.5E+6
    },
    "ParVegGround": {
      "LAI": 2.5,
      "SAI": 0.001,
      "hc": 0.15,
      "h_disp": 0.099999999999999992,
      "d_leaf": 0.8,
      "CASE_ROOT": 1,
      "ZR95": 250,
      "ZR50": null,
      "ZRmax": null,
      "Rrootl": 3800,
      "PsiL50": -4,
      "PsiX50": -4.5,
      "FI": 0.081,
      "Do": 1000,
      "a1": 6,
      "go": 0.01,
      "CT": 3,
      "DSE": 0.656,
      "Ha": 55,
      "gmes": null,
      "rjv": 2.4,
      "Kopt": 0.5,
      "Knit": 0.15,
      "Vmax": 68,
      "mSl": 0,
      "e_rel": 1,
      "e_relN": 1,
      "Psi_sto_00": -0.5,