{
  "CTt": 7.1497449505658546E-6,
  "G": -0.97644280407881545,
  "Tdp": 3.9959999999999987,
  "Tdptm1": 4,
  "Ts": 3.8999999999999773,
  "Tstm1": 3.8999999999999773,
  "a": 7,
  "dt": 3600,
  "inputs": {
    "CTt": 7.1497449505658546E-6,
    "Tdptm1": 4,
    "Ts": 3.8999999999999773,
    "Tstm1": 3.8999999999999773,
    "dt": 3600
  }
}