{
  "Anthropogenic": {
    "Tb": 291.15,
    "Qf_canyon": 10,
    "Qf_roof": 0,
    "Waterf_canyonVeg": 0,
    "Waterf_canyonBare": 0,
    "Waterf_roof": 0
  },
  "BEM_on": 1,
  "G1": 0,
  "G2": 0,
  "ParCalculation": {
    "dts": 3600,
    "dth": 1,
    "row": 1000,
    "cp_atm": 1005.2175096611177,
    "rho_atm": 1.1893660307070875
  },
  "ParSoilRoof": {
    "Zs": [
      0,
      10,
      20,
      50,
      100
    ],
    "ms": 4,
    "dz1": 0.1,
    "dz2": 0.1,
    "FixSM_R": 1,
    "FixSM_LayerStart_R": 1,
    "FixSM_LayerEnd_R": 4,
    "In_max_imp": 0.25,
    "In_max_ground": 10,
    "Sp_In": 0.2,
    "Kimp": 0,
    "Kfc": 0.2,
    "Phy": 10000,
    "SPAR": 2,
    "Kbot": "NaN",
    "Pcla": 0.2,
    "Psan": 0.4,
    "Porg": 0.025
  },
  "ParThermalRoof": {
    "lan_dry_imp": 0.67,
    "cv_s_imp": 1.0E+6
  },
  "TempVec_ittm": {
    "TRoofImp": 277.04999999999995,
    "TRoofVeg": 277.04999999999995,
    "TRoofIntImp": 277.04999999999995,
    "TRoofIntVeg": 277.04999999999995,
    "TGroundImp": 277.04999999999995,
    "TGroundBare": 277.04999999999995,
    "TGroundVeg": 277.04999999999995,
    "TTree": 277.04999999999995,
    "TWallSun": 277.04999999999995,
    "TWallShade": 277.04999999999995,
    "TWallIntSun": 277.04999999999995,
    "TWallIntShade": 277.04999999999995,
    "TCanyon": 277.04999999999995,
    "Tatm": 277.04999999999995,
    "T2m": 277.04999999999995
  },
  "TemperatureB": [
    277.04999999999995,
    277.04999999999995,
    277.04999999999995,
    277.04999999999995,
    277.04999999999995,
    277.04999999999995,
    277.04999999999995,
    0.0050219644814304557
  ],
  "TemperatureR": [
    277.04999999999995,
    277.04999999999995,
    277.04999999999995,
    277.04999999999995
  ],
  "a": 11,
  "dS": 0,
  "inputs": {
    "Anthropogenic": {
      "Tb": 291.15,
      "Qf_canyon": 10,
      "Qf_roof": 0,
      "Waterf_canyonVeg": 0,
      "Waterf_canyonBare": 0,
      "Waterf_roof": 0
    },
    "BEM_on": 1,
    "ParCalculation": {
      "dts": 3600,
      "dth": 1,
      "row": 1000,
      "cp_atm": 1005.2175096611177,
      "rho_atm": 1.1893660307070875
    },
    "ParSoilRoof": {
      "Zs": [
        0,
        10,
        20,
        50,
        100
      ],
      "ms": 4,
      "dz1": 0.1,
      "dz2": 0.1,
      "FixSM_R": 1,
      "FixSM_LayerStart_R": 1,
      "FixSM_LayerEnd_R": 4,
      "In_max_imp": 0.25,
      "In_max_ground": 10,
      "Sp_In": 0.2,
      "Kimp": 0,
      "Kfc": 0.2,
      "Phy": 10000,
      "SPAR": 2,
      "Kbot": "NaN",
      "Pcla": 0.2,
      "Psan": 0.4,
      "Porg": 0.025
    },
    "ParThermalRoof": {
      "lan_dry_imp": 0.67,
      "cv_s_imp": 1.0E+6
    },
    "TempVec_ittm": {
      "TRoofImp": 277.04999999999995,
      "TRoofVeg": 277.04999999999995,
      "TRoofIntImp": 277.04999999999995,
      "TRoofIntVeg": 277.04999999999995,
      "TGroundImp": 277.04999999999995,
      "TGroundBare": 277.04999999999995,
      "TGroundVeg": 277.04999999999995,
      "TTree": 277.04999999999995,
      "TWallSun": 277.04999999999995,
      "TWallShade": 277.04999999999995,
      "TWallIntSun": 277.04999999999995,
      "TWallIntShade": 277.04999999999995,
      "TCanyon": 277.04999999999995,
      "Tatm": 277.04999999999995,
      "T2m": 277.04999999999995
    },
    "TemperatureB": [
      277.04999999999995,
      277.04999999999995,
      277.04999999999995,
      277.04999999999995,
      277.04999999999995,
      277.04999999999995,
      277.04999999999995,
      0.0050219644814304557
    ],
    "TemperatureR": [
      277.04999999999995,
      277.04999999999995,
      277.04999999999995,
      277.04999999999995
    ]
  }
}