{
  "Anthropogenic": {
    "Tb": 291.15,
    "Qf_canyon": 10,
    "Qf_roof": 0,
    "Waterf_canyonVeg": 0,
    "Waterf_canyonBare": 0,
    "Waterf_roof": 0
  },
  "BEM_on": 1,
  "G1": 0,
  "G2": 0,
  "ParCalculation": {
    "dts": 3600,
    "dth": 1,
    "row": 1000,
    "cp_atm": 1005.2175096611177,
    "rho_atm": 1.1893660307070875
  },
  "ParSoilRoof": {
    "Zs": [
      0,
      10,
      20,
      50,
      100
    ],
    "ms": 4,
    "dz1": 0.1,
    "dz2": 0.1,
    "FixSM_R": 1,
    "FixSM_LayerStart_R": 1,
    "FixSM_LayerEnd_R": 4,
    "In_max_imp": 0.25,
    "In_max_ground": 10,
    "Sp_In": 0.2,
    "Kimp": 0,
    "Kfc": 0.2,
    "Phy": 10000,
    "SPAR": 2,
    "Kbot": null,
    "Pcla": 0.2,
    "Psan": 0.4,
    "Porg": 0.025
  },
  "ParThermalRoof": {
    "lan_dry_imp": 0.67,
    "cv_s_imp": 1.0E+6
  },
  "TempVec_ittm": {
    "TRoofImp": 277.04999999999995,
    "TRoofVeg": 277.04999999999995,
    "TRoofIntImp": 277.04999999999995,
    "TRoofIntVeg": 277.04999999999995,
    "TGroundImp": 277.04999999999995,
    "TGroundBare": 277.04999999999995,
    "TGroundVeg": 277.04999999999995,
    "TTree": 277.04999999999995,
    "TWallSun": 277.04999999999995,
    "TWallShade": 277.04999999999995,
    "TWallIntSun": 277.04999999999995,
    "TWallIntShade": 277.04999999999995,
    "TCanyon": 277.04999999999995,
    "Tatm": 277.04999999999995,
    "T2m": 277.04999999999995
  },
  "TemperatureB": [
    277.04999999999995,
    277.04999999999995,
    277.04999999999995,
    277.04999999999995,
    277.04999999999995,
    277.04999999999995,
    277.04999999999995,
    0.0050219644814304557
  ],
  "TemperatureR": [
    277.04999999999995,
    277.04999999999995,
    277.04999999999995,
    277.04999999999995
  ],
  "a": 11,
  "dS": 0,
  "inputs": {
    "Anthropogenic": {
      "Tb": 291.15,
      "Qf_canyon": 10,
      "Qf_roof": 0,
      "Waterf_canyonVeg": 0,
      "Waterf_canyonBare": 0,
      "Waterf_roof": 0
    },
    "BEM_on": 1,
    "ParCalculation": {
      "dts": 3600,
      "dth": 1,
      "row": 1000,
      "cp_atm": 1005.2175096611177,
      "rho_atm": 1.1893660307070875
    },
    "ParSoilRoof": {
      "Zs": [
        0,
        10,
        20,
        50,
        100
      ],
      "ms": 4,
      "dz1": 0.1,
      "dz2": 0.1,
      "FixSM_R": 1,
      "FixSM_LayerStart_R": 1,
      "FixSM_LayerEnd_R": 4,
      "In_max_imp": 0.25,
      "In_max_ground": 10,
      "Sp_In": 0.2,
      "Kimp": 0,
      "Kfc": 0.2,
      "Phy": 10000,
      "SPAR": 2,
      "Kbot": null,
      "Pcla": 0.2,
      "Psan": 0.4,
      "Porg": 0.025
    },
    "ParThermalRoof": {
      "lan_dry_imp": 0.67,
      "cv_s_imp": 1.0E+6
    },
    "TempVec_ittm": {
      "TRoofImp": 277.04999999999995,
      "TRoofVeg": 277.04999999999995,
      "TRoofIntImp": 277.04999999999995,
      "TRoofIntVeg": 277.04999999999995,
      "TGroundImp": 277.04999999999995,
      "TGroundBare": 277.04999999999995,
      "TGroundVeg": 277.04999999999995,
      "TTree": 277.04999999999995,
      "TWallSun": 277.04999999999995,
      "TWallShade": 277.04999999999995,
      "TWallIntSun": 277.04999999999995,
      "TWallIntShade": 277.04999999999995,
      "TCanyon": 277.04999999999995,
      "Tatm": 277.04999999999995,
      "T2m": 277.04999999999995
    },
    "TemperatureB": [
      277.04999999999995,
      277.04999999999995,
      277.04999999999995,
      277.04999999999995,
      277.04999999999995,
      277.04999999999995,
      277.04999999999995,
      0.0050219644814304557
    ],
    "TemperatureR": [
      277.04999999999995,
      277.04999999999995,
      277.04999999999995,
      277.04999999999995
    ]
  },
  "w": [
    {
      "name": "Anthropogenic",
      "size": [
        1,
        1
      ],
      "bytes": 1056,
      "class": "struct",
      "global": false,
      "sparse": false,
      "complex": false,
      "nesting": {
        "function": "ConductiveHeatFlux_RoofImp",
        "level": 1
      },
      "persistent": false
    },
    {
      "name": "BEM_on",
      "size": [
        1,
        1
      ],
      "bytes": 8,
      "class": "double",
      "global": false,
      "sparse": false,
      "complex": false,
      "nesting": {
        "function": "ConductiveHeatFlux_RoofImp",
        "level": 1
      },
      "persistent": false
    },
    {
      "name": "G1",
      "size": [
        1,
        1
      ],
      "bytes": 8,
      "class": "double",
      "global": false,
      "sparse": false,
      "complex": false,
      "nesting": {
        "function": "ConductiveHeatFlux_RoofImp",
        "level": 1
      },
      "persistent": false
    },
    {
      "name": "G2",
      "size": [
        1,
        1
      ],
      "bytes": 8,
      "class": "double",
      "global": false,
      "sparse": false,
      "complex": false,
      "nesting": {
        "function": "ConductiveHeatFlux_RoofImp",
        "level": 1
      },
      "persistent": false
    },
    {
      "name": "ParCalculation",
      "size": [
        1,
        1
      ],
      "bytes": 880,
      "class": "struct",
      "global": false,
      "sparse": false,
      "complex": false,
      "nesting": {
        "function": "ConductiveHeatFlux_RoofImp",
        "level": 1
      },
      "persistent": false
    },
    {
      "name": "ParSoilRoof",
      "size": [
        1,
        1
      ],
      "bytes": 3200,
      "class": "struct",
      "global": false,
      "sparse": false,
      "complex": false,
      "nesting": {
        "function": "ConductiveHeatFlux_RoofImp",
        "level": 1
      },
      "persistent": false
    },
    {
      "name": "ParThermalRoof",
      "size": [
        1,
        1
      ],
      "bytes": 352,
      "class": "struct",
      "global": false,
      "sparse": false,
      "complex": false,
      "nesting": {
        "function": "ConductiveHeatFlux_RoofImp",
        "level": 1
      },
      "persistent": false
    },
    {
      "name": "TempVec_ittm",
      "size": [
        1,
        1
      ],
      "bytes": 2640,
      "class": "struct",
      "global": false,
      "sparse": false,
      "complex": false,
      "nesting": {
        "function": "ConductiveHeatFlux_RoofImp",
        "level": 1
      },
      "persistent": false
    },
    {
      "name": "TemperatureB",
      "size": [
        1,
        8
      ],
      "bytes": 64,
      "class": "double",
      "global": false,
      "sparse": false,
      "complex": false,
      "nesting": {
        "function": "ConductiveHeatFlux_RoofImp",
        "level": 1
      },
      "persistent": false
    },
    {
      "name": "TemperatureR",
      "size": [
        1,
        4
      ],
      "bytes": 32,
      "class": "double",
      "global": false,
      "sparse": false,
      "complex": false,
      "nesting": {
        "function": "ConductiveHeatFlux_RoofImp",
        "level": 1
      },
      "persistent": false
    },
    {
      "name": "a",
      "size": [
        1,
        1
      ],
      "bytes": 8,
      "class": "double",
      "global": false,
      "sparse": false,
      "complex": false,
      "nesting": {
        "function": "ConductiveHeatFlux_RoofImp",
        "level": 1
      },
      "persistent": false
    },
    {
      "name": "dS",
      "size": [
        1,
        1
      ],
      "bytes": 8,
      "class": "double",
      "global": false,
      "sparse": false,
      "complex": false,
      "nesting": {
        "function": "ConductiveHeatFlux_RoofImp",
        "level": 1
      },
      "persistent": false
    },
    {
      "name": "inputs",
      "size": [
        1,
        1
      ],
      "bytes": 9576,
      "class": "struct",
      "global": false,
      "sparse": false,
      "complex": false,
      "nesting": {
        "function": "ConductiveHeatFlux_RoofImp",
        "level": 1
      },
      "persistent": false
    },
    {
      "name": "w",
      "size": [
        8,
        1
      ],
      "bytes": 11740,
      "class": "struct",
      "global": false,