{
  "Anthropogenic": {
    "Tb": 291.15,
    "Qf_canyon": 10,
    "Qf_roof": 0,
    "Waterf_canyonVeg": 0,
    "Waterf_canyonBare": 0,
    "Waterf_roof": 0
  },
  "HVACSchedule": {
    "Hequip": 0,
    "Hpeople": 0,
    "LEequip": 0,
    "LEpeople": 0,
    "AirConRoomFraction": 1
  },
  "HumidityAtm": {
    "AtmRelative": 0.946,
    "AtmSpecific": 0.0050219644814304557,
    "AtmVapourPre": 763.65879607853446,
    "AtmRelativeSat": 1,
    "AtmSpecificSat": 0.0053095555175058365,
    "AtmVapourPreSat": 807.25031297942337
  },
  "MeteoData": {
    "SW_dir": 0,
    "SW_diff": 0,
    "LWR": 320.44956203280935,
    "Zatm": 25,
    "Tatm": 277.04999999999995,
    "Uatm": 0.4,
    "esat_Tatm": 807.25031297942337,
    "rel_hum": 0.946,
    "ea": 763.65879607853446,
    "Pre": 94872.321056993358,
    "q_atm": 0.0050219644814304557,
    "Catm_CO2": 400,
    "Catm_O2": 210000,
    "Rain": 0,
    "Time": "01-Jan-2010 01:00:00",
    "SunDSM_MRT": "NaN"
  },
  "MeteoDataRaw": {
    "LWR_in": [
      320.44956203280935,
      321.31884441535436
    ],
    "SAB1_in": [
      0,
      0
    ],
    "SAB2_in": [
      0,
      0
    ],
    "SAD1_in": [
      0,
      0
    ],
    "SAD2_in": [
      0,
      0
    ],
    "T_atm": [
      277.04999999999995,
      277.25
    ],
    "windspeed_u": [
      0.4,
      0.4
    ],
    "pressure_atm": [
      94872.321056993358,
      94872.321056993358
    ],
    "rain": [
      0,
      0
    ],
    "rel_humidity": [
      0.946,
      0.93900000000000006
    ],
    "Date": [
      "01-Jan-2010 01:00:00",
      "01-Jan-2010 02:00:00"
    ]
  },
  "ParCalculation": {
    "dts": 3600,
    "dth": 1,
    "row": 1000,
    "cp_atm": 1005.2175096611177,
    "rho_atm": 1.1893660307070875
  },
  "SunPosition": {
    "Datam": [
      2010,
      1,
      1,
      1,
      0,
      0
    ],
    "t_bef": 0.5,
    "t_aft": 0.5,
    "theta_Z": 1.5707963267948966,
    "theta_n": -2.8205538881820811,
    "zeta_S": 0.32103876540771181,
    "TimeOfMaxSolAlt": 12.000000000000002
  },
  "a": 8,
  "inputs": {
    "MeteoDataRaw": {
      "LWR_in": [
        320.44956203280935,
        321.31884441535436
      ],
      "SAB1_in": [
        0,
        0
      ],
      "SAB2_in": [
        0,
        0
      ],
      "SAD1_in": [
        0,
        0
      ],
      "SAD2_in": [
        0,
        0
      ],
      "T_atm": [
        277.04999999999995,
        277.25
      ],
      "windspeed_u": [
        0.4,
        0.4
      ],
      "pressure_atm": [
        94872.321056993358,
        94872.321056993358
      ],
      "rain": [
        0,
        0
      ],
      "rel_humidity": [
        0.946,
        0.93900000000000006
      ],
      "Date": [
        "01-Jan-2010 01:00:00",
        "01-Jan-2010 02:00:00"
      ]
    },
    "itt": 1,
    "varargin": [
      {
        "SoilPotWGroundTot_H": 0,
        "SoilPotWGroundVeg_L": 0
      }
    ]
  },
  "itt": 1,
  "location": {
    "phi": 47.38,
    "lambda": 8.56,
    "theta_canyon": 3.1415926535897931,
    "DeltaGMT": 1
  },
  "varargin": [
    {
      "SoilPotWGroundTot_H": 0,
      "SoilPotWGroundVeg_L": 0
    }
  ]
}