{
  "Datam": [
    2010,
    1,
    1,
    1,
    0,
    0
  ],
  "DeltaGMT": 1,
  "L_day": 8.3388273040217289,
  "Lat": 47.38,
  "Lon": 8.56,
  "T_sunrise": 7.83058634798914,
  "T_sunset": 16.169413652010864,
  "a": 8,
  "delta_S": -0.401286133217378,
  "h_S": -1.1246941365680789,
  "inputs": {
    "Datam": [
      2010,
      1,
      1,
      1,
      0,
      0
    ],
    "DeltaGMT": 1,
    "Lat": 47.38,
    "Lon": 8.56,
    "t_aft": 0.5,
    "t_bef": 0.5
  },
  "jDay": 1,
  "t_aft": 0.5,
  "t_bef": 0.5,
  "zeta_S": 0.32103876540771181
}