{
  "BoleanInSun": 0,
  "ParVegTree": {
    "LAI": 5,
    "SAI": 0.2,
    "d_leaf": 4,
    "CASE_ROOT": 1,
    "ZR95": 1000,
    "ZR50": null,
    "ZRmax": null,
    "Rrootl": 4000,
    "PsiL50": -3,
    "PsiX50": -4.5,
    "FI": 0.081,
    "Do": 1000,
    "a1": 9,
    "go": 0.01,
    "CT": 3,
    "DSE": 0.649,
    "Ha": 76,
    "gmes": null,
    "rjv": 2.4,
    "Kopt": 0.5,
    "Knit": 0.35,
    "Vmax": 66,
    "mSl": 0,
    "e_rel": 1,
    "e_relN": 1,
    "Psi_sto_00": -0.5,
    "Psi_sto_50": -2.2,
    "Sl": 0.024,
    "SPARTREE": 2
  },
  "TimeHr": 1,
  "TimeOfMaxSolAlt": 12.000000000000002,
  "Wcan": 5.78,
  "a": 6,
  "d_tree": 0.13650519031141867,
  "h_P": 1.1,
  "h_can": 1.1245674740484428,
  "h_tree": 0.81505190311418685,
  "inputs": {
    "ParVegTree": {
      "LAI": 5,
      "SAI": 0.2,
      "d_leaf": 4,
      "CASE_ROOT": 1,
      "ZR95": 1000,
      "ZR50": null,
      "ZRmax": null,
      "Rrootl": 4000,
      "PsiL50": -3,
      "PsiX50": -4.5,
      "FI": 0.081,
      "Do": 1000,
      "a1": 9,
      "go": 0.01,
      "CT": 3,
      "DSE": 0.649,
      "Ha": 76,
      "gmes": null,
      "rjv": 2.4,
      "Kopt": 0.5,
      "Knit": 0.35,
      "Vmax": 66,
      "mSl": 0,
      "e_rel": 1,
      "e_relN": 1,
      "Psi_sto_00": -0.5,
      "Psi_sto_50": -2.2,
      "Sl": 0.024,
      "SPARTREE": 2
    },
    "TimeHr": 1,
    "TimeOfMaxSolAlt": 12.000000000000002,
    "Wcan": 5.78,
    "d_tree": 0.13650519031141867,
    "h_P": 1.1,
    "h_can": 1.1245674740484428,
    "h_tree": 0.81505190311418685,
    "r_tree": 0.049999999999999996,
    "theta_Z": 1.5707963267948966,
    "theta_n": -2.8205538881820811,
    "trees": 1,
    "w_can": 1,
    "x_P": 2.89
  },
  "r_tree": 0.049999999999999996,
  "theta_Z": 1.5707963267948966,
  "theta_n": -2.8205538881820811,
  "trees": 1,
  "w": [
    {
      "name": "BoleanInSun",
      "size": [
        1,
        1
      ],
      "bytes": 8,
      "class": "double",
      "global": false,
      "sparse": false,
      "complex": false,
      "nesting": {
        "function": "PersonInShadeYesOrNo",
        "level": 1
      },
      "persistent": false
    },
    {
      "name": "ParVegTree",
      "size": [
        1,
        1
      ],
      "bytes": 5104,
      "class": "struct",
      "global": false,
      "sparse": false,
      "complex": false,
      "nesting": {
        "function": "PersonInShadeYesOrNo",
        "level": 1
      },
      "persistent": false
    },
    {
      "name": "TimeHr",
      "size": [
        1,
        1
      ],
      "bytes": 8,
      "class": "double",
      "global": false,
      "sparse": false,
      "complex": false,
      "nesting": {
        "function": "PersonInShadeYesOrNo",
        "level": 1
      },
      "persistent": false
    },
    {
      "name": "TimeOfMaxSolAlt",
      "size": [
        1,
        1
      ],
      "bytes": 8,
      "class": "double",
      "global": false,
      "sparse": false,
      "complex": false,
      "nesting": {
        "function": "PersonInShadeYesOrNo",
        "level": 1
      },
      "persistent": false
    },
    {
      "name": "Wcan",
      "size": [
        1,
        1
      ],
      "bytes": 8,
      "class": "double",
      "global": false,
      "sparse": false,
      "complex": false,
      "nesting": {
        "function": "PersonInShadeYesOrNo",
        "level": 1
      },
      "persistent": false
    },
    {
      "name": "a",
      "size": [
        1,
        1
      ],
      "bytes": 8,
      "class": "double",
      "global": false,
      "sparse": false,
      "complex": false,
      "nesting": {
        "function": "PersonInShadeYesOrNo",
        "level": 1
      },
      "persistent": false
    },
    {
      "name": "d_tree",
      "size": [
        1,
        1
      ],
      "bytes": 8,
      "class": "double",
      "global": false,
      "sparse": false,
      "complex": false,
      "nesting": {
        "function": "PersonInShadeYesOrNo",
        "level": 1
      },
      "persistent": false
    },
    {
      "name": "h_P",
      "size": [
        1,
        1
      ],
      "bytes": 8,
      "class": "double",
      "global": false,
      "sparse": false,
      "complex": false,
      "nesting": {
        "function": "PersonInShadeYesOrNo",
        "level": 1
      },
      "persistent": false
    },
    {
      "name": "h_can",
      "size": [
        1,
        1
      ],
      "bytes": 8,
      "class": "double",
      "global": false,
      "sparse": false,
      "complex": false,
      "nesting": {
        "function": "PersonInShadeYesOrNo",
        "level": 1
      },
      "persistent": false
    },
    {
      "name": "h_tree",
      "size": [
        1,
        1
      ],
      "bytes": 8,
      "class": "double",
      "global": false,
      "sparse": false,
      "complex": false,
      "nesting": {
        "function": "PersonInShadeYesOrNo",
        "level": 1
      },
      "persistent": false
    },
    {
      "name": "inputs",
      "size": [
        1,
        1
      ],
      "bytes": 7560,
      "class": "struct",
      "global": false,
      "sparse": false,
      "complex": false,
      "nesting": {
        "function": "PersonInShadeYesOrNo",
        "level": 1
      },
      "persistent": false
    },
    {
      "name": "r_tree",
      "size": [
        1,
        1
      ],
      "bytes": 8,
      "class": "double",
      "global": false,
      "sparse": false,
      "complex": false,
      "nesting": {
        "function": "PersonInShadeYesOrNo",
        "level": 1
      },
      "persistent": false
    },
    {
      "name": "theta_Z",
      "size": [
        1,
        1
      ],
      "bytes": 8,
      "class": "double",
      "global": false,
      "sparse": false,
      "complex": false,
      "nesting": {
        "function": "PersonInShadeYesOrNo",
        "level": 1
      },
      "persistent": false
    },
    {
      "name": "theta_n",
      "size": [
        1,
        1
      ],
      "bytes": 8,
      "class": "double",
      "global": false,
      "sparse": false,
      "complex": false,
      "nesting": {
        "function": "PersonInShadeYesOrNo",
        "level": 1
      },
      "persistent": false
    },
    {
      "name": "trees",
      "size": [
        1,
        1
      ],
      "bytes": 8,
      "class": "double",
      "global": false,
      "sparse": false,
      "complex": false,
      "nesting": {
        "function": "PersonInShadeYesOrNo",
        "level": 1
      },
      "persistent": false
    },
    {
      "name": "w",
      "size": [
        14,
        1
      ],
      "bytes": 19792,
      "class": "struct",
      "global": false,
      "sparse": false,
      "complex": false,
      "nesting": {
        "function": "PersonInShadeYesOrNo",
        "level": 1
      },
      "persistent": false
    },
    {
      "name": "w_can",
      "size": [
        1,
        1
      ],
      "bytes": 8,
      "class": "double",
      "global": false,
      "sparse": false,
      "complex": false,
      "nesting": {
        "function": "PersonInShadeYesOrNo",
        "level": 1
      },
      "persistent": false
    },
    {
      "name": "x_P",
      "size": [
        1,
        1
      ],
      "bytes": 8,
      "class": "double",
      "global": false,
      "sparse": false,
      "complex": false,
      "nesting": {
        "function": "PersonInShadeYesOrNo",
        "level": 1
      },
      "persistent": false
    }
  ],
  "w_can": 1,
  "x_P": 2.89
}