{
  "BoleanInSun": 0,
  "SWR_dir": 0,
  "SWRdir_Person": 0,
  "SWRdir_in_bottom": 0,
  "SWRdir_in_east": 0,
  "SWRdir_in_north": 0,
  "SWRdir_in_south": 0,
  "SWRdir_in_top": 0,
  "SWRdir_in_west": 0,
  "a": 10,
  "inputs": {
    "BoleanInSun": 0,
    "SWR_dir": 0,
    "theta_Z": 1.5707963267948966,
    "zeta_S": 0.32103876540771181
  },
  "theta_Z": 1.5707963267948966,
  "zeta_S": 0.32103876540771181
}