{
  "BoleanInSun": 0,
  "Gemeotry_m": {
    "Height_canyon": 6.5,
    "Width_canyon": 5.78,
    "Width_roof": 4.73,
    "Height_tree": 4.711,
    "Radius_tree": 0.289,
    "Distance_tree": 0.78899999999999992,
    "Hcan_max": null,
    "Hcan_std": null
  },
  "LWR_Person": 332.5311337167991,
  "LWRout_t": {
    "LWRoutGroundImp": 333.68450543099289,
    "LWRoutGroundBare": 0,
    "LWRoutGroundVeg": 333.58742474787317,
    "LWRoutTree": 332.11048658813979,
    "LWRoutWallSun": 335.92840922413126,
    "LWRoutWallShade": 335.928409224131,
    "LWRoutTotalGround": 333.63159645869268,
    "LWRoutTotalCanyon": 1297.8510946723643
  },
  "MeteoData": {
    "SW_dir": 0,
    "SW_diff": 0,
    "LWR": 320.44956203280935,
    "Zatm": 25,
    "Tatm": 277.04999999999995,
    "Uatm": 0.4,
    "esat_Tatm": 807.25031297942337,
    "rel_hum": 0.946,
    "ea": 763.65879607853446,
    "Pre": 94872.321056993358,
    "q_atm": 0.0050219644814304557,
    "Catm_CO2": 400,
    "Catm_O2": 210000,
    "Rain": 0,
    "Time": "01-Jan-2010 01:00:00",
    "SunDSM_MRT": null
  },
  "ParTree": {
    "trees": 1,
    "ftree": 1
  },
  "ParVegTree": {
    "LAI": 5,
    "SAI": 0.2,
    "d_leaf": 4,
    "CASE_ROOT": 1,
    "ZR95": 1000,
    "ZR50": null,
    "ZRmax": null,
    "Rrootl": 4000,
    "PsiL50": -3,
    "PsiX50": -4.5,
    "FI": 0.081,
    "Do": 1000,
    "a1": 9,
    "go": 0.01,
    "CT": 3,
    "DSE": 0.649,
    "Ha": 76,
    "gmes": null,
    "rjv": 2.4,
    "Kopt": 0.5,
    "Knit": 0.35,
    "Vmax": 66,
    "mSl": 0,
    "e_rel": 1,
    "e_relN": 1,
    "Psi_sto_00": -0.5,
    "Psi_sto_50": -2.2,
    "Sl": 0.024,
    "SPARTREE": 2
  },
  "Person": {
    "PositionPx": 2.89,
    "PositionPz": 1.1,
    "PersonWidth": 0.03,
    "PersonHeight": 0.11,
    "HeightWind": 1.1
  },
  "SWRdiff_Person": 0,
  "SWRdir_Person": 0,
  "SWRdir_in_bottom": 0,
  "SWRdir_in_east": 0,
  "SWRdir_in_north": 0,
  "SWRdir_in_south": 0,
  "SWRdir_in_top": 0,
  "SWRdir_in_west": 0,
  "SWRout_t": {
    "SWRoutGroundImp": 0,
    "SWRoutGroundBare": 0,
    "SWRoutGroundVeg": 0,
    "SWRoutTree": 0,
    "SWRoutWallSun": 0,
    "SWRoutWallShade": 0,
    "SWRoutTotalGround": 0,
    "SWRoutTotalCanyon": 0
  },
  "SunPosition": {
    "Datam": [
      2010,
      1,
      1,
      1,
      0,
      0
    ],
    "t_bef": 0.5,
    "t_aft": 0.5,
    "theta_Z": 1.5707963267948966,
    "theta_n": -2.8205538881820811,
    "zeta_S": 0.32103876540771181,
    "TimeOfMaxSolAlt": 12.000000000000002
  },
  "Tmrt": 3.4838680767591654,
  "ViewFactorPoint": {
    "F_pg": 0.38348258706467636,
    "F_ps": 0.15139303482587063,
    "F_pt": 0.045338308457711474,
    "F_pwLeft": 0.21121890547263672,
    "F_pwRight": 0.2085671641791044
  },
  "a": 21,
  "geometry": {
    "hcanyon": 1.1245674740484428,
    "wcanyon": 1,
    "wroof": 0.81833910034602075,
    "htree": 0.81505190311418685,
    "radius_tree": 0.049999999999999996,
    "distance_tree": 0.13650519031141867,
    "ratio": 1.1245674740484428,
    "wcanyon_norm": 0.54995242626070406,
    "wroof_norm": 0.45004757373929588
  },
  "inputs": {
    "Gemeotry_m": {
      "Height_canyon": 6.5,
      "Width_canyon": 5.78,
      "Width_roof": 4.73,
      "Height_tree": 4.711,
      "Radius_tree": 0.289,
      "Distance_tree": 0.78899999999999992,
      "Hcan_max": null,
      "Hcan_std": null
    },
    "LWRout_t": {
      "LWRoutGroundImp": 333.68450543099289,
      "LWRoutGroundBare": 0,
      "LWRoutGroundVeg": 333.58742474787317,
      "LWRoutTree": 332.11048658813979,
      "LWRoutWallSun": 335.92840922413126,
      "LWRoutWallShade": 335.928409224131,
      "LWRoutTotalGround": 333.63159645869268,
      "LWRoutTotalCanyon": 1297.8510946723643
    },
    "MeteoData": {
      "SW_dir": 0,
      "SW_diff": 0,
      "LWR": 320.44956203280935,
      "Zatm": 25,
      "Tatm": 277.04999999999995,
      "Uatm": 0.4,
      "esat_Tatm": 807.25031297942337,
      "rel_hum": 0.946,
      "ea": 763.65879607853446,
      "Pre": 94872.321056993358,
      "q_atm": 0.0050219644814304557,
      "Catm_CO2": 400,
      "Catm_O2": 210000,
      "Rain": 0,
      "Time": "01-Jan-2010 01:00:00",
      "SunDSM_MRT": null
    },
    "ParTree": {
      "trees": 1,
      "ftree": 1
    },
    "ParVegTree": {
      "LAI": 5,
      "SAI": 0.2,
      "d_leaf": 4,
      "CASE_ROOT": 1,
      "ZR95": 1000,
      "ZR50": null,
      "ZRmax": null,
      "Rrootl": 4000,
      "PsiL50": -3,
      "PsiX50": -4.5,
      "FI": 0.081,
      "Do": 1000,
      "a1": 9,
      "go": 0.01,
      "CT": 3,
      "DSE": 0.649,
      "Ha": 76,
      "gmes": null,
      "rjv": 2.4,
      "Kopt": 0.5,
      "Knit": 0.35,
      "Vmax": 66,
      "mSl": 0,
      "e_rel": 1,
      "e_relN": 1,
      "Psi_sto_00": -0.5,
      "Psi_sto_50": -2.2,
      "Sl": 0.024,
      "SPARTREE": 2
    },
    "Person": {
      "PositionPx": 2.89,
      "PositionPz": 1.1,
      "PersonWidth": 0.03,
      "PersonHeight": 0.11,
      "HeightWind": 1.1
    },
    "SWRout_t": {
      "SWRoutGroundImp": 0,
      "SWRoutGroundBare": 0,
      "SWRoutGroundVeg": 0,
      "SWRoutTree": 0,
      "SWRoutWallSun": 0,
      "SWRoutWallShade": 0,
      "SWRoutTotalGround": 0,
      "SWRoutTotalCanyon": 0
    },
    "SunPosition": {
      "Datam": [
        2010,
        1,
        1,
        1,
        0,
        0
      ],
      "t_bef": 0.5,
      "t_aft": 0.5,
      "theta_Z": 1.5707963267948966,
      "theta_n": -2.8205538881820811,
      "zeta_S": 0.32103876540771181,
      "TimeOfMaxSolAlt": 12.000000000000002
    },
    "ViewFactorPoint": {
      "F_pg": 0.38348258706467636,
      "F_ps": 0.15139303482587063,
      "F_pt": 0.045338308457711474,
      "F_pwLeft": 0.21121890547263672,
      "F_pwRight": 0.2085671641791044
    },
    "geometry": {
      "hcanyon": 1.1245674740484428,
      "wcanyon": 1,
      "wroof": 0.81833910034602075,
      "htree": 0.81505190311418685,
      "radius_tree": 0.049999999999999996,
      "distance_tree": 0.13650519031141867,
      "ratio": 1.1245674740484428,
      "wcanyon_norm": 0.54995242626070406,
      "wroof_norm": 0.45004757373929588
    }
  },
  "w": [
    {
      "name": "BoleanInSun",
      "size": [
        1,
        1
      ],
      "bytes": 8,
      "class": "double",
      "global": false,
      "sparse": false,
      "complex": false,
      "nesting": {
        "function": "MeanRadiantTemperature",
        "level": 1
      },
      "persistent": false
    },
    {
      "name": "Gemeotry_m",
      "size": [
        1,
        1
      ],
      "bytes": 1408,
      "class": "struct",
      "global": false,
      "sparse": false,
      "complex": false,
      "nesting": {
        "function": "MeanRadiantTemperature",
        "level": 1
      },
      "persistent": false
    },
    {
      "name": "LWR_Person",
      "size": [
        1,
        1
      ],
      "bytes": 8,
      "class": "double",
      "global": false,
      "sparse": false,
      "complex": false,
      "nesting": {
        "function": "MeanRadiantTemperature",
        "level": 1
      },
      "persistent": false
    },
    {
      "name": "LWRout_t",
      "size": [
        1,
        1
      ],
      "bytes": 1408,
      "class": "struct",
      "global": false,
      "sparse": false,
      "complex": false,
      "nesting": {
        "function": "MeanRadiantTemperature",
        "level": 1
      },
      "persistent": false
    },
    {
      "name": "MeteoData",
      "size": [
        1,
        1
      ],
      "bytes": 2816,
      "class": "struct",
      "global": false,
      "sparse": false,
      "complex": false,
      "nesting": {
        "function": "MeanRadiantTemperature",
        "level": 1
      },
      "persistent": false
    },
    {
      "name": "ParTree",
      "size": [
        1,
        1
      ],
      "bytes": 352,
      "class": "struct",
      "global": false,
      "sparse": false,
      "complex": false,
      "nesting": {
        "function": "MeanRadiantTemperature",
        "level": 1
      },