{
  "BoleanInSun": 0,
  "LWR_Person": 332.5311337167991,
  "LWRout_t": {
    "LWRoutGroundImp": 333.68450543099289,
    "LWRoutGroundBare": 0,
    "LWRoutGroundVeg": 333.58742474787317,
    "LWRoutTree": 332.11048658813979,
    "LWRoutWallSun": 335.92840922413126,
    "LWRoutWallShade": 335.928409224131,
    "LWRoutTotalGround": 333.63159645869268,
    "LWRoutTotalCanyon": 1297.8510946723643
  },
  "MeteoData": {
    "SW_dir": 0,
    "SW_diff": 0,
    "LWR": 320.44956203280935,
    "Zatm": 25,
    "Tatm": 277.04999999999995,
    "Uatm": 0.4,
    "esat_Tatm": 807.25031297942337,
    "rel_hum": 0.946,
    "ea": 763.65879607853446,
    "Pre": 94872.321056993358,
    "q_atm": 0.0050219644814304557,
    "Catm_CO2": 400,
    "Catm_O2": 210000,
    "Rain": 0,
    "Time": "01-Jan-2010 01:00:00",
    "SunDSM_MRT": null
  },
  "SWRdiff_Person": 0,
  "SWRout_t": {
    "SWRoutGroundImp": 0,
    "SWRoutGroundBare": 0,
    "SWRoutGroundVeg": 0,
    "SWRoutTree": 0,
    "SWRoutWallSun": 0,
    "SWRoutWallShade": 0,
    "SWRoutTotalGround": 0,
    "SWRoutTotalCanyon": 0
  },
  "TimeHr": 1,
  "TimeOfMaxSolAlt": 12.000000000000002,
  "ViewFactorPoint": {
    "F_pg": 0.38348258706467636,
    "F_ps": 0.15139303482587063,
    "F_pt": 0.045338308457711474,
    "F_pwLeft": 0.21121890547263672,
    "F_pwRight": 0.2085671641791044
  },
  "a": 10,
  "inputs": {
    "BoleanInSun": 0,
    "LWRout_t": {
      "LWRoutGroundImp": 333.68450543099289,
      "LWRoutGroundBare": 0,
      "LWRoutGroundVeg": 333.58742474787317,
      "LWRoutTree": 332.11048658813979,
      "LWRoutWallSun": 335.92840922413126,
      "LWRoutWallShade": 335.928409224131,
      "LWRoutTotalGround": 333.63159645869268,
      "LWRoutTotalCanyon": 1297.8510946723643
    },
    "MeteoData": {
      "SW_dir": 0,
      "SW_diff": 0,
      "LWR": 320.44956203280935,
      "Zatm": 25,
      "Tatm": 277.04999999999995,
      "Uatm": 0.4,
      "esat_Tatm": 807.25031297942337,
      "rel_hum": 0.946,
      "ea": 763.65879607853446,
      "Pre": 94872.321056993358,
      "q_atm": 0.0050219644814304557,
      "Catm_CO2": 400,
      "Catm_O2": 210000,
      "Rain": 0,
      "Time": "01-Jan-2010 01:00:00",
      "SunDSM_MRT": null
    },
    "SWRout_t": {
      "SWRoutGroundImp": 0,
      "SWRoutGroundBare": 0,
      "SWRoutGroundVeg": 0,
      "SWRoutTree": 0,
      "SWRoutWallSun": 0,
      "SWRoutWallShade": 0,
      "SWRoutTotalGround": 0,
      "SWRoutTotalCanyon": 0
    },
    "TimeHr": 1,
    "TimeOfMaxSolAlt": 12.000000000000002,
    "ViewFactorPoint": {
      "F_pg": 0.38348258706467636,
      "F_ps": 0.15139303482587063,
      "F_pt": 0.045338308457711474,
      "F_pwLeft": 0.21121890547263672,
      "F_pwRight": 0.2085671641791044
    }
  }
}