{
  "RH": 91.874439847765629,
  "Ta": 4.3230056782613815,
  "Tmrt": 3.4838680767591654,
  "UTCI_approx": 6.4859785967766932,
  "a": 5,
  "inputs": {
    "RH": 91.874439847765629,
    "Ta": 4.3230056782613815,
    "Tmrt": 3.4838680767591654,
    "va": 0.104649649571975
  },
  "va": 0.104649649571975
}