{
  "FractionsGround": {
    "fveg": 0.545,
    "fbare": 0,
    "fimp": 0.455,
    "Per_runoff": 0.9
  },
  "LWREB_t": {
    "LWREBGroundImp": 7.9225515037251171E-13,
    "LWREBGroundBare": 0,
    "LWREBGroundVeg": -9.57456336436735E-13,
    "LWREBTree": -8.6259888121276163E-12,
    "LWREBWallSun": -3.4372504842394846E-13,
    "LWREBWallShade": -1.6511236822225328E-12,
    "LWREBTotalGround": -1.9451107391432743E-13,
    "LWREBTotalCanyon": -7.744915819785092E-12
  },
  "LWRabs_t": {
    "LWRabsGroundImp": -4.2323294561083422,
    "LWRabsGroundBare": 0,
    "LWRabsGroundVeg": -4.0897536164593564,
    "LWRabsTree": -3.6578498942559605,
    "LWRabsWallSun": -3.0976559058080939,
    "LWRabsWallShade": -3.097655905806957,
    "LWRabsTotalGround": -4.154625623499645,
    "LWRabsTotalCanyon": -13.419966649575812
  },
  "LWRin_t": {
    "LWRinGroundImp": 329.59814753277954,
    "LWRinGroundBare": 0,
    "LWRinGroundVeg": 329.59814753277954,
    "LWRinTree": 330.37509057698873,
    "LWRinWallSun": 330.79254074362075,
    "LWRinWallShade": 330.79254074362063,
    "LWRinTotalGround": 329.59814753277954,
    "LWRinTotalCanyon": 1281.1760029861659
  },
  "LWRout_t": {
    "LWRoutGroundImp": 333.83047698888709,
    "LWRoutGroundBare": 0,
    "LWRoutGroundVeg": 333.68790114923985,
    "LWRoutTree": 334.03294047125331,
    "LWRoutWallSun": 333.89019664942919,
    "LWRoutWallShade": 333.89019664942924,
    "LWRoutTotalGround": 333.75277315627937,
    "LWRoutTotalCanyon": 1294.5959696357495
  },
  "MeteoData": {
    "SW_dir": 0,
    "SW_diff": 0,
    "LWR": 320.44956203280935,
    "Zatm": 25,
    "Tatm": 277.04999999999995,
    "Uatm": 0.4,
    "esat_Tatm": 807.25031297942337,
    "rel_hum": 0.946,
    "ea": 763.65879607853446,
    "Pre": 94872.321056993358,
    "q_atm": 0.0050219644814304557,
    "Catm_CO2": 400,
    "Catm_O2": 210000,
    "Rain": 0,
    "Time": "01-Jan-2010 01:00:00",
    "SunDSM_MRT": null
  },
  "ParTree": {
    "trees": 1,
    "ftree": 1
  },
  "PropOpticalGround": {
    "aveg": 0.2,
    "abare": 0.15,
    "aimp": 0.1,
    "albedo": 0.15450000000000003,
    "eveg": 0.91799704534590321,
    "ebare": 0.95,
    "eimp": 0.95,
    "emissivity": 0.93255838971351723
  },
  "PropOpticalTree": {
    "albedo": 0.2,
    "emissivity": 0.99448343557923924
  },
  "PropOpticalWall": {
    "albedo": 0.4,
    "emissivity": 0.95
  },
  "TemperatureC": [
    277.04999999999995,
    277.04999999999995,
    277.04999999999995,
    277.04999999999995,
    277.04999999999995,
    277.04999999999995,
    277.04999999999995,
    277.04999999999995,
    277.04999999999995,
    0.0050219644814304557
  ],
  "ViewFactor": {
    "F_gs_nT": 0.38030860180886683,
    "F_gw_nT": 0.30984569909556658,
    "F_ww_nT": 0.44895134130080772,
    "F_wg_nT": 0.27552432934959614,
    "F_ws_nT": 0.27552432934959614,
    "F_sg_nT": 0.38030860180886683,
    "F_sw_nT": 0.30984569909556658,
    "F_gs_T": 0.32036815920398021,
    "F_gt_T": 0.097393034825870653,
    "F_gw_T": 0.29111940298507455,
    "F_ww_T": 0.36136505931879059,
    "F_wt_T": 0.1503432835820897,
    "F_wg_T": 0.25887233065442017,
    "F_ws_T": 0.22941932644469951,
    "F_sg_T": 0.32036815920398021,
    "F_sw_T": 0.25799751243781083,
    "F_st_T": 0.16363681592039817,
    "F_tg_T": 0.15500582915258426,
    "F_tw_T": 0.26908511907943788,
    "F_ts_T": 0.26043608125549922,
    "F_tt_T": 0.04638785143304075
  },
  "a": 13,
  "geometry": {
    "hcanyon": 1.1245674740484428,
    "wcanyon": 1,
    "wroof": 0.81833910034602075,
    "htree": 0.81505190311418685,
    "radius_tree": 0.049999999999999996,
    "distance_tree": 0.13650519031141867,
    "ratio": 1.1245674740484428,
    "wcanyon_norm": 0.54995242626070406,
    "wroof_norm": 0.45004757373929588
  },
  "inputs": {
    "FractionsGround": {
      "fveg": 0.545,
      "fbare": 0,
      "fimp": 0.455,
      "Per_runoff": 0.9
    },
    "MeteoData": {
      "SW_dir": 0,
      "SW_diff": 0,
      "LWR": 320.44956203280935,
      "Zatm": 25,
      "Tatm": 277.04999999999995,
      "Uatm": 0.4,
      "esat_Tatm": 807.25031297942337,
      "rel_hum": 0.946,
      "ea": 763.65879607853446,
      "Pre": 94872.321056993358,
      "q_atm": 0.0050219644814304557,
      "Catm_CO2": 400,
      "Catm_O2": 210000,
      "Rain": 0,
      "Time": "01-Jan-2010 01:00:00",
      "SunDSM_MRT": null
    },
    "ParTree": {
      "trees": 1,
      "ftree": 1
    },
    "PropOpticalGround": {
      "aveg": 0.2,
      "abare": 0.15,
      "aimp": 0.1,
      "albedo": 0.15450000000000003,
      "eveg": 0.91799704534590321,
      "ebare": 0.95,
      "eimp": 0.95,
      "emissivity": 0.93255838971351723
    },
    "PropOpticalTree": {
      "albedo": 0.2,
      "emissivity": 0.99448343557923924
    },
    "PropOpticalWall": {
      "albedo": 0.4,
      "emissivity": 0.95
    },
    "TemperatureC": [
      277.04999999999995,
      277.04999999999995,
      277.04999999999995,
      277.04999999999995,
      277.04999999999995,
      277.04999999999995,
      277.04999999999995,
      277.04999999999995,
      277.04999999999995,
      0.0050219644814304557
    ],
    "ViewFactor": {
      "F_gs_nT": 0.38030860180886683,
      "F_gw_nT": 0.30984569909556658,
      "F_ww_nT": 0.44895134130080772,
      "F_wg_nT": 0.27552432934959614,
      "F_ws_nT": 0.27552432934959614,
      "F_sg_nT": 0.38030860180886683,
      "F_sw_nT": 0.30984569909556658,
      "F_gs_T": 0.32036815920398021,
      "F_gt_T": 0.097393034825870653,
      "F_gw_T": 0.29111940298507455,
      "F_ww_T": 0.36136505931879059,
      "F_wt_T": 0.1503432835820897,
      "F_wg_T": 0.25887233065442017,
      "F_ws_T": 0.22941932644469951,
      "F_sg_T": 0.32036815920398021,
      "F_sw_T": 0.25799751243781083,
      "F_st_T": 0.16363681592039817,
      "F_tg_T": 0.15500582915258426,
      "F_tw_T": 0.26908511907943788,
      "F_ts_T": 0.26043608125549922,
      "F_tt_T": 0.04638785143304075
    },
    "geometry": {
      "hcanyon": 1.1245674740484428,
      "wcanyon": 1,
      "wroof": 0.81833910034602075,
      "htree": 0.81505190311418685,
      "radius_tree": 0.049999999999999996,
      "distance_tree": 0.13650519031141867,
      "ratio": 1.1245674740484428,
      "wcanyon_norm": 0.54995242626070406,
      "wroof_norm": 0.45004757373929588
    }
  },
  "w": [
    {
      "name": "FractionsGround",
      "size": [
        1,
        1
      ],
      "bytes": 704,
      "class": "struct",
      "global": false,
      "sparse": false,
      "complex": false,
      "nesting": {
        "function": "TotalLWRabsorbed",
        "level": 1
      },
      "persistent": false
    },
    {
      "name": "LWREB_t",
      "size": [
        1,
        1
      ],
      "bytes": 1408,
      "class": "struct",
      "global": false,
      "sparse": false,
      "complex": false,
      "nesting": {
        "function": "TotalLWRabsorbed",
        "level": 1
      },
      "persistent": false
    },
    {
      "name": "LWRabs_t",
      "size": [
        1,
        1
      ],
      "bytes": 1408,
      "class": "struct",
      "global": false,
      "sparse": false,
      "complex": false,
      "nesting": {
        "function": "TotalLWRabsorbed",
        "level": 1
      },
      "persistent": false
    },
    {
      "name": "LWRin_t",
      "size": [
        1,
        1
      ],
      "bytes": 1408,
      "class": "struct",
      "global": false,
      "sparse": false,
      "complex": false,
      "nesting": {
        "function": "TotalLWRabsorbed",
        "level": 1
      },
      "persistent": false
    },
    {
      "name": "LWRout_t",
      "size": [
        1,
        1
      ],
      "bytes": 1408,
      "class": "struct",
      "global": false,
      "sparse": false,
      "complex": false,
      "nesting": {
        "function": "TotalLWRabsorbed",
        "level": 1
      },
      "persistent": false
    },
    {
      "name": "MeteoData",
      "size": [
        1,
        1
      ],
      "bytes": 2816,
      "class": "struct",