{
  "SWR_dir": 0,
  "SWR_tree1": 0,
  "SWR_tree2": 0,
  "a": 4,
  "d_tree": 0.13650519031141867,
  "h_can": 1.1245674740484428,
  "h_tree": 0.81505190311418685,
  "inputs": {
    "SWR_dir": 0,
    "d_tree": 0.13650519031141867,
    "h_can": 1.1245674740484428,
    "h_tree": 0.81505190311418685,
    "r_tree": 0.049999999999999996,
    "theta_Z": 1.5707963267948966,
    "theta_n": -2.8205538881820811
  },
  "r_tree": 0.049999999999999996,
  "theta_Z": 1.5707963267948966,
  "theta_n": -2.8205538881820811
}