{
  "LAIt": null,
  "ParVegTree": {
    "LAI": 5,
    "SAI": 0.2,
    "d_leaf": 4,
    "CASE_ROOT": 1,
    "ZR95": 1000,
    "ZR50": null,
    "ZRmax": null,
    "Rrootl": 4000,
    "PsiL50": -3,
    "PsiX50": -4.5,
    "FI": 0.081,
    "Do": 1000,
    "a1": 9,
    "go": 0.01,
    "CT": 3,
    "DSE": 0.649,
    "Ha": 76,
    "gmes": 1.7976931348623157E+308,
    "rjv": 2.4,
    "Kopt": 0.5,
    "Knit": 0.35,
    "Vmax": 66,
    "mSl": 0,
    "e_rel": 1,
    "e_relN": 1,
    "Psi_sto_00": -0.5,
    "Psi_sto_50": -2.2,
    "Sl": 0.024,
    "SPARTREE": 2
  },
  "SWR_dir": 0,
  "SWRdir_g": 0,
  "SWRdir_t": 0,
  "SWRdir_wshd": 0,
  "SWRdir_wsun": 0,
  "a": 8,
  "d_tree": null,
  "h_can": 1.1245674740484428,
  "h_tree": null,
  "inputs": {
    "LAIt": null,
    "ParVegTree": {
      "LAI": 5,
      "SAI": 0.2,
      "d_leaf": 4,
      "CASE_ROOT": 1,
      "ZR95": 1000,
      "ZR50": null,
      "ZRmax": null,
      "Rrootl": 4000,
      "PsiL50": -3,
      "PsiX50": -4.5,
      "FI": 0.081,
      "Do": 1000,
      "a1": 9,
      "go": 0.01,
      "CT": 3,
      "DSE": 0.649,
      "Ha": 76,
      "gmes": 1.7976931348623157E+308,
      "rjv": 2.4,
      "Kopt": 0.5,
      "Knit": 0.35,
      "Vmax": 66,
      "mSl": 0,
      "e_rel": 1,
      "e_relN": 1,
      "Psi_sto_00": -0.5,
      "Psi_sto_50": -2.2,
      "Sl": 0.024,
      "SPARTREE": 2
    },
    "SWR_dir": 0,
    "d_tree": null,
    "h_can": 1.1245674740484428,
    "h_tree": null,
    "r_tree": null,
    "theta_Z": 1.5707963267948966,
    "theta_n": -2.8205538881820811,
    "trees": 0,
    "w_can": 1
  },
  "r_tree": null,
  "theta_Z": 1.5707963267948966,
  "theta_n": -2.8205538881820811,
  "trees": 0,
  "w_can": 1
}