{
  "X_Shadow": 1,
  "X_tree": 0,
  "a": 3,
  "h_can": 1.1245674740484428,
  "inputs": {
    "h_can": 1.1245674740484428,
    "theta_Z": 1.5707963267948966,
    "theta_n": -2.8205538881820811,
    "w_can": 1
  },
  "n_Shadow": 0.99999999999999978,
  "n_tree": 0,
  "theta_Z": 1.5707963267948966,
  "theta_n": -2.8205538881820811,
  "w_can": 1
}