{
  "X_Shadow": 1,
  "X_Tree": 0,
  "a": 3,
  "d_tree": 0.13650519031141867,
  "h_can": 1.1245674740484428,
  "h_tree": 0.81505190311418685,
  "inputs": {
    "d_tree": 0.13650519031141867,
    "h_can": 1.1245674740484428,
    "h_tree": 0.81505190311418685,
    "r_tree": 0.049999999999999996,
    "theta_Z": 1.5707963267948966,
    "theta_n": -2.8205538881820811,
    "w_can": 1
  },
  "n_Shadow": 0.99999999999999978,
  "n_Tree": 0,
  "r_tree": 0.049999999999999996,
  "theta_Z": 1.5707963267948966,
  "theta_n": -2.8205538881820811,
  "w_can": 1
}