{
  "F_gs_nT": 0.38030860180886683,
  "F_gt_nT": 0,
  "F_gw_nT": 0.30984569909556658,
  "F_sg_nT": 0.38030860180886683,
  "F_st_nT": 0,
  "F_sw_nT": 0.30984569909556658,
  "F_tg_nT": 0,
  "F_ts_nT": 0,
  "F_tt_nT": 0,
  "F_tw_nT": 0,
  "F_wg_nT": 0.27552432934959614,
  "F_ws_nT": 0.27552432934959614,
  "F_wt_nT": 0,
  "F_ww_nT": 0.44895134130080772,
  "H": 6.5,
  "ViewFactor_nT": {
    "F_gs_nT": 0.38030860180886683,
    "F_gw_nT": 0.30984569909556658,
    "F_ww_nT": 0.44895134130080772,
    "F_wg_nT": 0.27552432934959614,
    "F_ws_nT": 0.27552432934959614,
    "F_sg_nT": 0.38030860180886683,
    "F_sw_nT": 0.30984569909556658
  },
  "W": 5.78,
  "a": 18,
  "inputs": {
    "H": 6.5,
    "W": 5.78
  }
}