{
  "Diff_ra": 2.8421709430404007E-14,
  "LAN": -3.9804173823123978,
  "a": 3,
  "disp_h": 4.9027109348181961,
  "inputs": {
    "disp_h": 4.9027109348181961,
    "ra": 108.50684094990599,
    "u": 0.4,
    "zatm": 25,
    "zoh": 0.036417730666322035,
    "zom": 0.36417730666322035
  },
  "ra": 108.50684094990599,
  "u": 0.4,
  "zatm": 25,
  "zoh": 0.036417730666322035,
  "zom": 0.36417730666322035
}