{
  "Croad": 0,
  "Croof": 1,
  "Csoil": 0,
  "a": 4,
  "d_H": 0.099999999999999992,
  "d_L": 0,
  "disp_h": 0.099999999999999992,
  "hc_H": 0.15,
  "hc_L": 0,
  "inputs": {
    "Croad": 0,
    "Croof": 1,
    "Csoil": 0,
    "hc_H": 0.15,
    "hc_L": 0
  },
  "zoh": 0.0018449999999999999,
  "zoh_H": 0.0018449999999999999,
  "zoh_L": 0,
  "zoh_ground": 0.001,
  "zom": 0.018449999999999998,
  "zom_H": 0.018449999999999998,
  "zom_L": 0,
  "zom_ground": 0.01,
  "zom_other": 0.01
}