{
  "Pre": 948.7232105699336,
  "Ta": 3.8999999999999773,
  "Ts": 3.8999999999999773,
  "Ws": 0.4,
  "a": 5,
  "disp_h": 0.099999999999999992,
  "ea": 763.65879607853446,
  "es": 807.25031297942337,
  "inputs": {
    "Pre": 948.7232105699336,
    "Ta": 3.8999999999999773,
    "Ts": 3.8999999999999773,
    "Ws": 0.4,
    "disp_h": 0.099999999999999992,
    "ea": 763.65879607853446,
    "es": 807.25031297942337,
    "zatm": 18.5,
    "zoh": 0.0018449999999999999,
    "zom": 0.018449999999999998
  },
  "ra": 725.17326198884746,
  "zatm": 18.5,
  "zoh": 0.0018449999999999999,
  "zom": 0.018449999999999998
}