{
  "CT": 3,
  "Cc": 400,
  "Csl": 400,
  "DCi": -25.579109419475969,
  "DS": 0.656,
  "Do": 1000,
  "Ds": 43.591516900888905,
  "FI": 0.081,
  "Ha": 55,
  "IPAR": 0,
  "Oa": 210000,
  "Pre": 948.7232105699336,
  "Psi_L": 0,
  "Psi_sto_50": -3,
  "Psi_sto_99": -0.5,
  "Ts": 3.8999999999999773,
  "Vmax": 58.87593470069573,
  "a": 18,
  "a1": 6,
  "gmes": "Inf",
  "go": 0.01,
  "inputs": {
    "CT": 3,
    "Cc": 400,
    "Csl": 400,
    "DS": 0.656,
    "Do": 1000,
    "Ds": 43.591516900888905,
    "FI": 0.081,
    "Ha": 55,
    "IPAR": 0,
    "Oa": 210000,
    "Pre": 948.7232105699336,
    "Psi_L": 0,
    "Psi_sto_50": -3,
    "Psi_sto_99": -0.5,
    "Ts": 3.8999999999999773,
    "Vmax": 58.87593470069573,
    "a1": 6,
    "gmes": "Inf",
    "go": 0.01,
    "ra": 100,
    "rb": 50,
    "rjv": 2.4
  },
  "ra": 100,
  "rb": 50,
  "rjv": 2.4
}