{
  "Hcan": 6.5,
  "Hcan_max": null,
  "Hcan_std": null,
  "Htree": 4.711,
  "Kopt": 0.5,
  "LAI_t": 5,
  "R_tree": 0.289,
  "RoughnessParameter": [
    "MacD"
  ],
  "Wcan": 5.78,
  "Wroof": 4.73,
  "Zatm": 25,
  "Zp": 6.5,
  "Zref_und": 1.5,
  "a": 14,
  "alpha": 0.35064518296922109,
  "dcan": 4.9027109348181961,
  "inputs": {
    "Hcan": 6.5,
    "Hcan_max": null,
    "Hcan_std": null,
    "Htree": 4.711,
    "Kopt": 0.5,
    "LAI_t": 5,
    "R_tree": 0.289,
    "Wcan": 5.78,
    "Wroof": 4.73,
    "Zatm": 25,
    "Zp": 6.5,
    "Zref_und": 1.5,
    "trees": 1,
    "uatm": 0.4,
    "zom_und": 0.01
  },
  "trees": 1,
  "u_Hcan_max": 0.14744782891846922,
  "u_Zp": 0.14744782891846922,
  "uatm": 0.4,
  "w_Zp": 0,
  "zom_und": 0.01,
  "zomcan": 0.36417730666322035
}