{
  "Hcan": 6.5,
  "Zatm": 25,
  "Zp": 2,
  "a": 4,
  "disp_h": 0.099999999999999992,
  "hveg": 0.15,
  "inputs": {
    "Hcan": 6.5,
    "Zatm": 25,
    "Zp": 2,
    "disp_h": 0.099999999999999992,
    "hveg": 0.15,
    "uatm": 0.4,
    "zom": 0.018449999999999998
  },
  "u_Hveg": 0.057707208970655809,
  "u_Zp": 0.26826252923265465,
  "uatm": 0.4,
  "zom": 0.018449999999999998
}