{
  "LAI": 2.5,
  "Ta": 4.0499999999999545,
  "Ts": 3.8999999999999773,
  "Ws": 0.057707208970655809,
  "a": 5,
  "d_leaf": 0.8,
  "disp_h": 0.099999999999999992,
  "hc": 0.15,
  "inputs": {
    "LAI": 2.5,
    "Ta": 4.0499999999999545,
    "Ts": 3.8999999999999773,
    "Ws": 0.057707208970655809,
    "d_leaf": 0.8,
    "disp_h": 0.099999999999999992,
    "hc": 0.15,
    "zatm": 25,
    "zom": 0.018449999999999998
  },
  "rb": 200.59749493149459,
  "zatm": 25,
  "zom": 0.018449999999999998
}