{
  "Pre": 94872.321056993358,
  "RoughnessParameter": [
    "MacD"
  ],
  "Ta": 3.8999999999999773,
  "Ts": 3.9000000000000341,
  "Zatm": 25,
  "Zp1": 4.711,
  "Zp2": 2,
  "Zp3": 2,
  "Zref_und": 1.5,
  "a": 10,
  "alpha": 0.35064518296922104,
  "dcan": 4.9027109348181961,
  "ea": 763.65879607853446,
  "hcan": 6.5,
  "hcan_max": null,
  "inputs": {
    "Pre": 94872.321056993358,
    "RoughnessParameter": [
      "MacD"
    ],
    "Ta": 3.8999999999999773,
    "Ts": 3.9000000000000341,
    "Zatm": 25,
    "Zp1": 4.711,
    "Zp2": 2,
    "Zp3": 2,
    "Zref_und": 1.5,
    "dcan": 4.9027109348181961,
    "ea": 763.65879607853446,
    "hcan": 6.5,
    "hcan_max": null,
    "uatm": 0.4,
    "zom_und": 0.018449999999999998,
    "zomcan": 0.36417730666322035
  },
  "rap_Zp1": 1166.2440585897398,
  "rap_Zp1_In": 22.522363171314055,
  "rap_Zp2": 1046.1848931711809,
  "rap_Zp2_In": 142.58152858987296,
  "rap_Zp3": 1046.1848931711809,
  "rap_Zp3_In": 142.58152858987296,
  "rap_can": 1188.7664217610538,
  "u_Hcan": 0.14744782891846925,
  "u_Zp1": 0.13388297098894725,
  "u_Zp2": 0.11566754136974228,
  "u_Zp3": 0.11566754136974228,
  "uatm": 0.4,
  "uref_und": 0.11258937460113738,
  "zom_und": 0.018449999999999998,
  "zomcan": 0.36417730666322035
}