{
  "Ta": 3.8999999999999773,
  "Ts": 3.8999999999999773,
  "a": 3,
  "alpha": 0.35064518296922104,
  "d_leaf": 4,
  "inputs": {
    "Ta": 3.8999999999999773,
    "Ts": 3.8999999999999773,
    "alpha": 0.35064518296922104,
    "d_leaf": 4,
    "u_hc": 0.13388297098894722
  },
  "rb": 119.18238096683402,
  "u_hc": 0.13388297098894722
}