{
  "LAN": -3.9804173823123978,
  "Ws": 0.4,
  "a": 3,
  "disp_h": 4.9027109348181961,
  "fconv": 0.71151600623098477,
  "hPBL": 1000,
  "inputs": {
    "Ws": 0.4,
    "disp_h": 4.9027109348181961,
    "hPBL": 1000,
    "ra": 108.50684094990599,
    "zatm": 25,
    "zoh": 0.036417730666322035,
    "zom": 0.36417730666322035
  },
  "ra": 108.50684094990599,
  "ra_enhanced": 31.302486828488206,
  "zatm": 25,
  "zoh": 0.036417730666322035,
  "zom": 0.36417730666322035
}