{
  "An": -0.24574345748172843,
  "CT": 3,
  "Cc": 400,
  "CcF": 425.57910941947597,
  "Csl": 400,
  "DS": 0.656,
  "Do": 1000,
  "Ds": 43.591516900888905,
  "F755nm": "NaN",
  "FI": 0.081,
  "GAM": 1.2685219671986225,
  "Ha": 55,
  "IPAR": 0,
  "Oa": 210000,
  "Pre": 948.7232105699336,
  "Psi_L": 0,
  "Psi_sto_00": -0.5,
  "Psi_sto_50": -3,
  "Rdark": 0.24574345748172816,
  "Ts": 3.8999999999999773,
  "Vmax": 58.87593470069573,
  "a": 22,
  "a1": 6,
  "gmes": "Inf",
  "go": 0.01,
  "gsCO2": 10000,
  "inputs": {
    "CT": 3,
    "Cc": 400,
    "Csl": 400,
    "DS": 0.656,
    "Do": 1000,
    "Ds": 43.591516900888905,
    "FI": 0.081,
    "Ha": 55,
    "IPAR": 0,
    "Oa": 210000,
    "Pre": 948.7232105699336,
    "Psi_L": 0,
    "Psi_sto_00": -0.5,
    "Psi_sto_50": -3,
    "Ts": 3.8999999999999773,
    "Vmax": 58.87593470069573,
    "a1": 6,
    "gmes": "Inf",
    "go": 0.01,
    "ra": 100,
    "rb": 50,
    "rjv": 2.4
  },
  "ra": 100,
  "rb": 50,
  "rjv": 2.4,
  "rs": 2512.8935830039468
}