{
  "Ks": 15.475656399419266,
  "L": 0.18687368524040304,
  "O": 0.27961016494080004,
  "O33": 0.27961016494080004,
  "Ohy": 0.096123264288628857,
  "Osat": 0.45947824494080003,
  "Pe": 3.9121210762443326,
  "Pre": 948.7232105699336,
  "SPAR": 2,
  "Ts": 3.8999999999999773,
  "Ws": 0.26826252923265465,
  "a": 12,
  "alpVG": -9.634329919190001E-5,
  "alp_soil": 0.99974193563666069,
  "b_soil": 1,
  "ea": 763.65879607853446,
  "inputs": {
    "Ks": 15.475656399419266,
    "L": 0.18687368524040304,
    "O": 0.27961016494080004,
    "O33": 0.27961016494080004,
    "Ohy": 0.096123264288628857,
    "Osat": 0.45947824494080003,
    "Pe": 3.9121210762443326,
    "Pre": 948.7232105699336,
    "SPAR": 2,
    "Ts": 3.8999999999999773,
    "Ws": 0.26826252923265465,
    "alpVG": -9.634329919190001E-5,
    "ea": 763.65879607853446,
    "nVG": 1.1868736852404029,
    "q_runon": 0
  },
  "nVG": 1.1868736852404029,
  "q_runon": 0,
  "r_soil": 233.318446945321
}