{
  "Dz": 10,
  "Ks_Zs": 15.475656399419266,
  "L": 0.18687368524040304,
  "O": 0.27961016494080004,
  "O33": 0.27961016494080004,
  "Ohy": 0.096123264288628857,
  "Osat": 0.45947824494080003,
  "Pe": 3.9121210762443326,
  "Pond": 0,
  "SPAR": 2,
  "WIS": 0,
  "a": 12,
  "alpVG": -9.634329919190001E-5,
  "cosalp": 1,
  "f": 0,
  "fpot": 2304.6496992099151,
  "inputs": {
    "Dz": 10,
    "Ks_Zs": 15.475656399419266,
    "L": 0.18687368524040304,
    "O": 0.27961016494080004,
    "O33": 0.27961016494080004,
    "Ohy": 0.096123264288628857,
    "Osat": 0.45947824494080003,
    "Pe": 3.9121210762443326,
    "Pond": 0,
    "SPAR": 2,
    "WIS": 0,
    "alpVG": -9.634329919190001E-5,
    "cosalp": 1,
    "nVG": 1.1868736852404029
  },
  "nVG": 1.1868736852404029
}