{
  "Kbot": "NaN",
  "Ks_Zs": [
    15.475656399419266,
    15.475656399419266,
    15.475656399419266,
    15.475656399419266
  ],
  "L": [
    0.18687368524040304,
    0.18687368524040304,
    0.18687368524040304,
    0.18687368524040304
  ],
  "Lk": 0.017134579640331167,
  "O": [
    0.27961016494080004,
    0.27961016494080004,
    0.27961016494080004,
    0.27961016494080004
  ],
  "Ohy": [
    0.096123264288628857,
    0.096123264288628857,
    0.096123264288628857,
    0.096123264288628857
  ],
  "Osat": [
    0.45947824494080003,
    0.45947824494080003,
    0.45947824494080003,
    0.45947824494080003
  ],
  "SPAR": 2,
  "a": 9,
  "inputs": {
    "Kbot": null,
    "Ks_Zs": [
      15.475656399419266,
      15.475656399419266,
      15.475656399419266,
      15.475656399419266
    ],
    "L": [
      0.18687368524040304,
      0.18687368524040304,
      0.18687368524040304,
      0.18687368524040304
    ],
    "O": [
      0.27961016494080004,
      0.27961016494080004,
      0.27961016494080004,
      0.27961016494080004
    ],
    "Ohy": [
      0.096123264288628857,
      0.096123264288628857,
      0.096123264288628857,
      0.096123264288628857
    ],
    "Osat": [
      0.45947824494080003,
      0.45947824494080003,
      0.45947824494080003,
      0.45947824494080003
    ],
    "SPAR": 2,
    "ms": 4,
    "nVG": [
      1.1868736852404029,
      1.1868736852404029,
      1.1868736852404029,
      1.1868736852404029
    ]
  },
  "ms": 4,
  "nVG": [
    1.1868736852404029,
    1.1868736852404029,
    1.1868736852404029,
    1.1868736852404029
  ],
  "w": [
    {
      "name": "Kbot",
      "size": [
        1,
        1
      ],
      "bytes": 8,
      "class": "double",
      "global": false,
      "sparse": false,
      "complex": false,
      "nesting": {
        "function": "Leakage_Bottom",
        "level": 1
      },
      "persistent": false
    },
    {
      "name": "Ks_Zs",
      "size": [
        1,
        4
      ],
      "bytes": 32,
      "class": "double",
      "global": false,
      "sparse": false,
      "complex": false,
      "nesting": {
        "function": "Leakage_Bottom",
        "level": 1
      },
      "persistent": false
    },
    {
      "name": "L",
      "size": [
        1,
        4
      ],
      "bytes": 32,
      "class": "double",
      "global": false,
      "sparse": false,
      "complex": false,
      "nesting": {
        "function": "Leakage_Bottom",
        "level": 1
      },
      "persistent": false
    },
    {
      "name": "Lk",
      "size": [
        1,
        1
      ],
      "bytes": 8,
      "class": "double",
      "global": false,
      "sparse": false,
      "complex": false,
      "nesting": {
        "function": "Leakage_Bottom",
        "level": 1
      },
      "persistent": false
    },
    {
      "name": "O",
      "size": [
        1,
        4
      ],
      "bytes": 32,
      "class": "double",
      "global": false,
      "sparse": false,
      "complex": false,
      "nesting": {
        "function": "Leakage_Bottom",
        "level": 1
      },
      "persistent": false
    },
    {
      "name": "Ohy",
      "size": [
        1,
        4
      ],
      "bytes": 32,
      "class": "double",
      "global": false,
      "sparse": false,
      "complex": false,
      "nesting": {
        "function": "Leakage_Bottom",
        "level": 1
      },
      "persistent": false
    },
    {
      "name": "Osat",
      "size": [
        1,
        4
      ],
      "bytes": 32,
      "class": "double",
      "global": false,
      "sparse": false,
      "complex": false,
      "nesting": {
        "function": "Leakage_Bottom",
        "level": 1
      },
      "persistent": false
    },
    {
      "name": "SPAR",
      "size": [
        1,
        1
      ],
      "bytes": 8,
      "class": "double",
      "global": false,
      "sparse": false,
      "complex": false,
      "nesting": {
        "function": "Leakage_Bottom",
        "level": 1
      },
      "persistent": false
    },
    {
      "name": "a",
      "size": [
        1,
        1
      ],
      "bytes": 8,
      "class": "double",
      "global": false,
      "sparse": false,
      "complex": false,
      "nesting": {
        "function": "Leakage_Bottom",
        "level": 1
      },
      "persistent": false
    },
    {
      "name": "inputs",
      "size": [
        1,
        1
      ],
      "bytes": 1728,
      "class": "struct",
      "global": false,
      "sparse": false,
      "complex": false,
      "nesting": {
        "function": "Leakage_Bottom",
        "level": 1
      },
      "persistent": false
    },
    {
      "name": "ms",
      "size": [
        1,
        1
      ],
      "bytes": 8,
      "class": "double",
      "global": false,
      "sparse": false,
      "complex": false,
      "nesting": {
        "function": "Leakage_Bottom",
        "level": 1
      },
      "persistent": false
    },
    {
      "name": "nVG",
      "size": [
        1,
        4
      ],
      "bytes": 32,
      "class": "double",
      "global": false,
      "sparse": false,
      "complex": false,
      "nesting": {
        "function": "Leakage_Bottom",
        "level": 1
      },
      "persistent": false
    },
    {
      "name": "w",
      "size": [
        9,
        1
      ],
      "bytes": 12762,
      "class": "struct",
      "global": false,
      "sparse": false,
      "complex": false,
      "nesting": {
        "function": "Leakage_Bottom",
        "level": 1
      },
      "persistent": false
    }
  ]
}