{
  "C1": false,
  "C2": true,
  "Ks": 15.475656399419266,
  "L": 0.18687368524040304,
  "O33": 0.27961016494080004,
  "Ohy": 0.096123264288628857,
  "Osat": 0.45947824494080003,
  "Pe": 3.9121210762443326,
  "SPAR": 2,
  "Vlat": [
    1.825745374223259,
    1.8257248901684278
  ],
  "Wcan": 5.78,
  "a": 12,
  "alpVG": -9.634329919190001E-5,
  "dVlat": [
    0,
    0
  ],
  "dz": 10,
  "f1": 0,
  "f2": 0.545,
  "inputs": {
    "C1": false,
    "C2": true,
    "Ks": 15.475656399419266,
    "L": 0.18687368524040304,
    "O33": 0.27961016494080004,
    "Ohy": 0.096123264288628857,
    "Osat": 0.45947824494080003,
    "Pe": 3.9121210762443326,
    "SPAR": 2,
    "Vlat": [
      1.825745374223259,
      1.8257248901684278
    ],
    "Wcan": 5.78,
    "alpVG": -9.634329919190001E-5,
    "dz": 10,
    "f1": 0,
    "f2": 0.545,
    "nVG": 1.1868736852404029,
    "t": 0
  },
  "nVG": 1.1868736852404029,
  "t": 0
}