{
  "FractionsGround_Out": {
    "fveg": 0.545,
    "fbare": 0,
    "fimp": 0.455,
    "Per_runoff": 0.9
  },
  "FractionsRoof_Out": {
    "fveg": 0.5,
    "fimp": 0.5,
    "Per_runoff": 1
  },
  "Owater": {
    "OwRoofSoilVeg": [
      [
        0.27961016494080004,
        0.28014655433447389,
        0.27961016494080004,
        0.27961016494080004
      ],
      [
        0.27961016494080004,
        0.27965787356443333,
        0.27961016494080004,
        0.27961016494080004
      ]
    ],
    "OwGroundSoilImp": [
      [
        0,
        0,
        0.27920457365322848,
        0.27952639888394293,
        0.27959595745112464,
        0.27961016494080004,
        0.27961016494080004,
        0.27961016494080004,
        0.27961016494080004,
        0.27961016494080004,
        0.27961016494080004,
        0.27961016494080004,
        0.27961016494080004
      ],
      [
        0,
        0,
        0.2789757897688217,
        0.279377838148399,
        0.27955304454713359,
        0.27961016494080004,
        0.27961016494080004,
        0.27961016494080004,
        0.27961016494080004,
        0.27961016494080004,
        0.27961016494080004,
        0.27961016494080004,
        0.27961016494080004
      ]
    ],
    "OwGroundSoilBare": [
      [
        0.27869780171095476,
        0.28014653489257679,
        0.27922711412952472,
        0.27957445003646031,
        0.27960830540702042,
        0.27961016494080004,
        0.27961016494080004,
        0.27961016494080004,
        0.27961016494080004,
        0.27961016494080004,
        0.27961016494080004,
        0.27961016494080004,
        0.27961016494080004
      ],
      [
        0.27852345887864643,
        0.27999096558716818,
        0.27905867270812046,
        0.27943787773152451,
        0.27957539718167368,
        0.27961016494080004,
        0.27961016494080004,
        0.27961016494080004,
        0.27961016494080004,
        0.27961016494080004,
        0.27961016494080004,
        0.27961016494080004,
        0.27961016494080004
      ]
    ],
    "OwGroundSoilVeg": [
      [
        0.27869575330547164,
        0.28014772071695804,
        0.27922614526922124,
        0.27957411826763523,
        0.27960823637608423,
        0.27961016494080004,
        0.27961016494080004,
        0.27961016494080004,
        0.27961016494080004,
        0.27961016494080004,
        0.27961016494080004,
        0.27961016494080004,
        0.27961016494080004
      ],
      [
        0.27851586720128119,
        0.279996731338476,
        0.27905477854582533,
        0.27943598247384283,
        0.2795743042287625,
        0.27961016494080004,
        0.27961016494080004,
        0.27961016494080004,
        0.27961016494080004,
        0.27961016494080004,
        0.27961016494080004,
        0.27961016494080004,
        0.27961016494080004
      ]
    ],
    "OwGroundSoilTot": [
      [
        0.27869575330547164,
        0.28014772071695804,
        0.27921633018394454,
        0.27955240594805525,
        0.27960264946522762,
        0.27961016494080004,
        0.27961016494080004,
        0.27961016494080004,
        0.27961016494080004,
        0.27961016494080004,
        0.27961016494080004,
        0.27961016494080004,
        0.27961016494080004
      ],
      [
        0.27851586720128119,
        0.279996731338476,
        0.27901883865228871,
        0.27940952680576592,
        0.27956463107362139,
        0.27961016494080004,
        0.27961016494080004,
        0.27961016494080004,
        0.27961016494080004,
        0.27961016494080004,
        0.27961016494080004,
        0.27961016494080004,
        0.27961016494080004
      ]
    ]
  },
  "OwaterInitial": {
    "OwRoofSoilVeg": [
      0.27961016494080004,
      0.27961016494080004,
      0.27961016494080004,
      0.27961016494080004
    ],
    "OwGroundSoilImp": [
      null,
      null,
      0.27961016494080004,
      0.27961016494080004,
      0.27961016494080004,
      0.27961016494080004,
      0.27961016494080004,
      0.27961016494080004,
      0.27961016494080004,
      0.27961016494080004,
      0.27961016494080004,
      0.27961016494080004,
      0.27961016494080004
    ],
    "OwGroundSoilBare": [
      0.27961016494080004,
      0.27961016494080004,
      0.27961016494080004,
      0.27961016494080004,
      0.27961016494080004,
      0.27961016494080004,
      0.27961016494080004,
      0.27961016494080004,
      0.27961016494080004,
      0.27961016494080004,
      0.27961016494080004,
      0.27961016494080004,
      0.27961016494080004
    ],
    "OwGroundSoilVeg": [
      0.27961016494080004,
      0.27961016494080004,
      0.27961016494080004,
      0.27961016494080004,
      0.27961016494080004,
      0.27961016494080004,
      0.27961016494080004,
      0.27961016494080004,
      0.27961016494080004,
      0.27961016494080004,
      0.27961016494080004,
      0.27961016494080004,
      0.27961016494080004
    ],
    "OwGroundSoilTot": [
      0.27961016494080004,
      0.27961016494080004,
      0.27961016494080004,
      0.27961016494080004,
      0.27961016494080004,
      0.27961016494080004,
      0.27961016494080004,
      0.27961016494080004,
      0.27961016494080004,
      0.27961016494080004,
      0.27961016494080004,
      0.27961016494080004,
      0.27961016494080004
    ]
  },
  "ParSoilGround_Out": {
    "Zs": [
      0,
      10,
      20,
      50,
      100,
      150,
      200,
      300,
      400,
      600,
      800,
      1000,
      1500,
      2000
    ],
    "ms": 13,
    "In_max_imp": 0.5,
    "FixSM_G": 1,
    "FixSM_LayerStart_G": 6,
    "FixSM_LayerEnd_G": 13,
    "In_max_underveg": 10,
    "In_max_bare": 10,
    "Sp_In": 0.2,
    "Kimp": 0.001,
    "Kfc": 0.2,
    "Phy": 10000,
    "SPAR": 2,
    "Kbot": null,
    "Pcla": 0.2,
    "Psan": 0.4,
    "Porg": 0.025,
    "Osat": 0.45947824494080003,
    "Ohy": 0.096123264288628857,
    "O33": 0.27961016494080004,
    "dz": [
      10,
      10,
      30,
      50,
      50,
      50,
      100,
      100,
      200,
      200,
      200,
      500,
      500
    ]
  },
  "ParSoilRoof_Out": {
    "Zs": [
      0,
      10,
      20,
      50,
      100
    ],
    "ms": 4,
    "dz1": 0.1,
    "dz2": 0.1,
    "FixSM_R": 1,
    "FixSM_LayerStart_R": 1,
    "FixSM_LayerEnd_R": 4,
    "In_max_imp": 0.25,
    "In_max_ground": 10,
    "Sp_In": 0.2,
    "Kimp": 0,
    "Kfc": 0.2,
    "Phy": 10000,
    "SPAR": 2,
    "Kbot": null,
    "Pcla": 0.2,
    "Psan": 0.4,
    "Porg": 0.025,
    "Osat": 0.45947824494080003,
    "Ohy": 0.096123264288628857,
    "O33": 0.27961016494080004,
    "dz": [
      10,
      10,
      30,
      50
    ]
  },
  "a": 7,
  "dVdtCanCalc": [
    -0.89185433558054683,
    -0.016772894024995821
  ],
  "dVdtRoofCalc": [
    0.0026819469683694308,
    -0.002443403850204362
  ],
  "dVdtUrbCalc": [
    -0.4892704519976378,
    -0.010323941738909846
  ],
  "geometry_Out": {
    "hcanyon": 1.1245674740484428,
    "wcanyon": 1,
    "wroof": 0.81833910034602075,
    "htree": 0.81505190311418685,
    "radius_tree": 0.049999999999999996,
    "distance_tree": 0.13650519031141867,
    "ratio": 1.1245674740484428,
    "wcanyon_norm": 0.54995242626070406,
    "wroof_norm": 0.45004757373929588
  },
  "inputs": {
    "FractionsGround_Out": {
      "fveg": 0.545,
      "fbare": 0,
      "fimp": 0.455,
      "Per_runoff": 0.9
    },
    "FractionsRoof_Out": {
      "fveg": 0.5,
      "fimp": 0.5,
      "Per_runoff": 1
    },
    "Owater": {
      "OwRoofSoilVeg": [
        [
          0.27961016494080004,
          0.28014655433447389,
          0.27961016494080004,
          0.27961016494080004
        ],
        [
          0.27961016494080004,
          0.27965787356443333,
          0.27961016494080004,
          0.27961016494080004
        ]
      ],