{
  "Kfc": 0.2,
  "Ks": [
    15.475656399419266,
    15.475656399419266,
    15.475656399419266,
    15.475656399419266
  ],
  "L": [
    0.18687368524040304,
    0.18687368524040304,
    0.18687368524040304,
    0.18687368524040304
  ],
  "O33": [
    0.27961016494080004,
    0.27961016494080004,
    0.27961016494080004,
    0.27961016494080004
  ],
  "Ofc": [
    0.3345290651927082,
    0.3345290651927082,
    0.3345290651927082,
    0.3345290651927082
  ],
  "Ohy": [
    0.096123264288628857,
    0.096123264288628857,
    0.096123264288628857,
    0.096123264288628857
  ],
  "Osat": [
    0.45947824494080003,
    0.45947824494080003,
    0.45947824494080003,
    0.45947824494080003
  ],
  "Oss": [
    null,
    null,
    null,
    null
  ],
  "Owp": [
    null,
    null,
    null,
    null
  ],
  "Pe": [
    3.9121210762443326,
    3.9121210762443326,
    3.9121210762443326,
    3.9121210762443326
  ],
  "Phy": 10000,
  "Pss": null,
  "Pwp": null,
  "a": 14,
  "alpVG": [
    -9.634329919190001E-5,
    -9.634329919190001E-5,
    -9.634329919190001E-5,
    -9.634329919190001E-5
  ],
  "inputs": {
    "Kfc": 0.2,
    "Ks": [
      15.475656399419266,
      15.475656399419266,
      15.475656399419266,
      15.475656399419266
    ],
    "L": [
      0.18687368524040304,
      0.18687368524040304,
      0.18687368524040304,
      0.18687368524040304
    ],
    "O33": [
      0.27961016494080004,
      0.27961016494080004,
      0.27961016494080004,
      0.27961016494080004
    ],
    "Osat": [
      0.45947824494080003,
      0.45947824494080003,
      0.45947824494080003,
      0.45947824494080003
    ],
    "Pe": [
      3.9121210762443326,
      3.9121210762443326,
      3.9121210762443326,
      3.9121210762443326
    ],
    "Phy": 10000,
    "Pss": null,
    "Pwp": null,
    "alpVG": [
      -9.634329919190001E-5,
      -9.634329919190001E-5,
      -9.634329919190001E-5,
      -9.634329919190001E-5
    ],
    "ms": 4,
    "nVG": [
      1.1868736852404029,
      1.1868736852404029,
      1.1868736852404029,
      1.1868736852404029
    ]
  },
  "ms": 4,
  "nVG": [
    1.1868736852404029,
    1.1868736852404029,
    1.1868736852404029,
    1.1868736852404029
  ]
}