{
  "CASE_ROOT_H": 1,
  "CASE_ROOT_L": 1,
  "Dz": [
    5,
    10,
    20,
    40
  ],
  "EvL_Zs": [
    1,
    0,
    0,
    0
  ],
  "Inf_Zs": [
    1,
    0,
    0,
    0
  ],
  "Kbot": null,
  "Kfc": 0.2,
  "Ks_Zs": [
    15.475656399419266,
    15.475656399419266,
    15.475656399419266,
    15.475656399419266
  ],
  "L": [
    0.18687368524040304,
    0.18687368524040304,
    0.18687368524040304,
    0.18687368524040304
  ],
  "O33": [
    0.27961016494080004,
    0.27961016494080004,
    0.27961016494080004,
    0.27961016494080004
  ],
  "Ohy": [
    0.096123264288628857,
    0.096123264288628857,
    0.096123264288628857,
    0.096123264288628857
  ],
  "Osat": [
    0.45947824494080003,
    0.45947824494080003,
    0.45947824494080003,
    0.45947824494080003
  ],
  "Pcla": 0.2,
  "Pe": [
    3.9121210762443326,
    3.9121210762443326,
    3.9121210762443326,
    3.9121210762443326
  ],
  "Phy": 10000,
  "Porg": 0.025,
  "Psan": 0.4,
  "RfH_Zs": [
    0.36682902806666429,
    0.23896675631878092,
    0.323146368746263,
    0.071071456247512974
  ],
  "RfL_Zs": [
    0.36682902806666429,
    0.23896675631878092,
    0.323146368746263,
    0.071071456247512974
  ],
  "SPAR": 2,
  "Slo_pot": [
    0,
    0,
    0,
    0
  ],
  "ZR50_H": null,
  "ZR50_L": null,
  "ZR95_H": 70,
  "ZR95_L": 70,
  "ZRmax_H": null,
  "ZRmax_L": null,
  "Zinf": 10,
  "Zs": [
    0,
    10,
    20,
    50,
    100
  ],
  "a": 30,
  "aR": 1,
  "aTop": 1000,
  "alpVG": [
    -9.634329919190001E-5,
    -9.634329919190001E-5,
    -9.634329919190001E-5,
    -9.634329919190001E-5
  ],
  "cv_s": [
    2.2136666666666665E+6,
    2.2136666666666665E+6,
    2.2136666666666665E+6,
    2.2136666666666665E+6
  ],
  "dz": [
    10,
    10,
    30,
    50
  ],
  "inputs": {
    "CASE_ROOT_H": 1,
    "CASE_ROOT_L": 1,
    "Kbot": null,
    "Kfc": 0.2,
    "Pcla": 0.2,
    "Phy": 10000,
    "Porg": 0.025,
    "Psan": 0.4,
    "SPAR": 2,
    "ZR50_H": null,
    "ZR50_L": null,
    "ZR95_H": 70,
    "ZR95_L": 70,
    "ZRmax_H": null,
    "ZRmax_L": null,
    "Zs": [
      0,
      10,
      20,
      50,
      100
    ]
  },
  "lan_dry": [
    0.19858278428019246,
    0.19858278428019246,
    0.19858278428019246,
    0.19858278428019246
  ],
  "lan_s": [
    6.839999999999999,
    6.839999999999999,
    6.839999999999999,
    6.839999999999999
  ],
  "ms": 4,
  "nVG": [
    1.1868736852404029,
    1.1868736852404029,
    1.1868736852404029,
    1.1868736852404029
  ],
  "rsd": [
    1432.38265090688,
    1432.38265090688,
    1432.38265090688,
    1432.38265090688
  ]
}