{
  "K_usle": 4.3393774330371574E-5,
  "Ks": 15.475656399419266,
  "L": 0.18687368524040304,
  "O33": 0.27961016494080004,
  "Osat": 0.45947824494080003,
  "Pcla": 0.2,
  "Pe": 3.9121210762443326,
  "Porg": 0.025,
  "Psan": 0.4,
  "a": 10,
  "cv_s": 2.2136666666666665E+6,
  "inputs": {
    "Pcla": 0.2,
    "Porg": 0.025,
    "Psan": 0.4
  },
  "lan_dry": 0.19858278428019246,
  "lan_s": 6.839999999999999,
  "rsd": 1432.38265090688
}