{
  "CTt": [
    7.1364457895054525E-6,
    7.1364457895054525E-6,
    7.1364457895054525E-6,
    7.1364457895054525E-6
  ],
  "O": [
    0.27961016494080004,
    0.27961016494080004,
    0.27961016494080004,
    0.27961016494080004
  ],
  "Ohy": [
    0.096123264288628857,
    0.096123264288628857,
    0.096123264288628857,
    0.096123264288628857
  ],
  "Osat": [
    0.45947824494080003,
    0.45947824494080003,
    0.45947824494080003,
    0.45947824494080003
  ],
  "Tdp": [
    3.8999999999999773,
    3.8999999999999773,
    3.8999999999999773,
    3.8999999999999773
  ],
  "a": 6,
  "cv_Soil": [
    2.3669831422249046E+6,
    2.3669831422249046E+6,
    2.3669831422249046E+6,
    2.3669831422249046E+6
  ],
  "cv_s": [
    2.2136666666666665E+6,
    2.2136666666666665E+6,
    2.2136666666666665E+6,
    2.2136666666666665E+6
  ],
  "inputs": {
    "O": [
      0.27961016494080004,
      0.27961016494080004,
      0.27961016494080004,
      0.27961016494080004
    ],
    "Ohy": [
      0.096123264288628857,
      0.096123264288628857,
      0.096123264288628857,
      0.096123264288628857
    ],
    "Osat": [
      0.45947824494080003,
      0.45947824494080003,
      0.45947824494080003,
      0.45947824494080003
    ],
    "Tdp": [
      3.8999999999999773,
      3.8999999999999773,
      3.8999999999999773,
      3.8999999999999773
    ],
    "cv_s": [
      2.2136666666666665E+6,
      2.2136666666666665E+6,
      2.2136666666666665E+6,
      2.2136666666666665E+6
    ],
    "lan_dry": [
      0.19858278428019246,
      0.19858278428019246,
      0.19858278428019246,
      0.19858278428019246
    ],
    "lan_s": [
      6.839999999999999,
      6.839999999999999,
      6.839999999999999,
      6.839999999999999
    ],
    "rsd": [
      1432.38265090688,
      1432.38265090688,
      1432.38265090688,
      1432.38265090688
    ]
  },
  "lanS": [
    1.2065269147749662,
    1.2065269147749662,
    1.2065269147749662,
    1.2065269147749662
  ],
  "lan_dry": [
    0.19858278428019246,
    0.19858278428019246,
    0.19858278428019246,
    0.19858278428019246
  ],
  "lan_s": [
    6.839999999999999,
    6.839999999999999,
    6.839999999999999,
    6.839999999999999
  ],
  "rsd": [
    1432.38265090688,
    1432.38265090688,
    1432.38265090688,
    1432.38265090688
  ]
}