{
  "Ks": 0.016384062476074313,
  "Ksr": 162833.94418383224,
  "Rl": 1393.9503066533243,
  "Zr": 10,
  "a": 5,
  "inputs": {
    "Ks": 0.016384062476074313,
    "Rl": 1393.9503066533243,
    "Zr": 10,
    "rcyl": 0.002,
    "rroot": 0.0005
  },
  "rcyl": 0.002,
  "rroot": 0.0005
}