{
  "Ewshade": 0,
  "Ewsun": 0,
  "FractionsGround": {
    "fveg": 0.545,
    "fbare": 0,
    "fimp": 0.455,
    "Per_runoff": 0.9
  },
  "Gemeotry_m": {
    "Height_canyon": 6.5,
    "Width_canyon": 5.78,
    "Width_roof": 4.73,
    "Height_tree": 4.711,
    "Radius_tree": 0.289,
    "Distance_tree": 0.78899999999999992,
    "Hcan_max": "NaN",
    "Hcan_std": "NaN"
  },
  "Hwshade": 0,
  "Hwshade1": 0,
  "Hwshade2": 0,
  "Hwsun": 0,
  "Hwsun1": 0,
  "Hwsun2": 0,
  "LEwshade": 0,
  "LEwsun": 0,
  "L_heat": 2.4920921E+6,
  "MeteoData": {
    "SW_dir": 0,
    "SW_diff": 0,
    "LWR": 320.44956203280935,
    "Zatm": 25,
    "Tatm": 277.04999999999995,
    "Uatm": 0.4,
    "esat_Tatm": 807.25031297942337,
    "rel_hum": 0.946,
    "ea": 763.65879607853446,
    "Pre": 94872.321056993358,
    "q_atm": 0.0050219644814304557,
    "Catm_CO2": 400,
    "Catm_O2": 210000,
    "Rain": 0,
    "Time": "01-Jan-2010 01:00:00",
    "SunDSM_MRT": "NaN"
  },
  "ParTree": {
    "trees": 1,
    "ftree": 1
  },
  "ParVegGround": {
    "LAI": 2.5,
    "SAI": 0.001,
    "hc": 0.15,
    "h_disp": 0.099999999999999992,
    "d_leaf": 0.8,
    "CASE_ROOT": 1,
    "ZR95": 250,
    "ZR50": "NaN",
    "ZRmax": "NaN",
    "Rrootl": 3800,
    "PsiL50": -4,
    "PsiX50": -4.5,
    "FI": 0.081,
    "Do": 1000,
    "a1": 6,
    "go": 0.01,
    "CT": 3,
    "DSE": 0.656,
    "Ha": 55,
    "gmes": "Inf",
    "rjv": 2.4,
    "Kopt": 0.5,
    "Knit": 0.15,
    "Vmax": 68,
    "mSl": 0,
    "e_rel": 1,
    "e_relN": 1,
    "Psi_sto_00": -0.5,
    "Psi_sto_50": -3,
    "Sl": 0.035
  },
  "ParVegTree": {
    "LAI": 5,
    "SAI": 0.2,
    "d_leaf": 4,
    "CASE_ROOT": 1,
    "ZR95": 1000,
    "ZR50": "NaN",
    "ZRmax": "NaN",
    "Rrootl": 4000,
    "PsiL50": -3,
    "PsiX50": -4.5,
    "FI": 0.081,
    "Do": 1000,
    "a1": 9,
    "go": 0.01,
    "CT": 3,
    "DSE": 0.649,
    "Ha": 76,
    "gmes": "Inf",
    "rjv": 2.4,
    "Kopt": 0.5,
    "Knit": 0.35,
    "Vmax": 66,
    "mSl": 0,
    "e_rel": 1,
    "e_relN": 1,
    "Psi_sto_00": -0.5,
    "Psi_sto_50": -2.2,
    "Sl": 0.024,
    "SPARTREE": 2
  },
  "RES_w1": 97.313256113403142,
  "RES_w2": 96.581417069127767,
  "TemperatureC": [
    277.04999999999995,
    277.04999999999995,
    277.04999999999995,
    277.04999999999995,
    277.04999999999995,
    277.04999999999995,
    277.04999999999995,
    277.04999999999995,
    277.04999999999995,
    0.0050219644814304557
  ],
  "Zp1": 2,
  "Zp2": 5.25,
  "a": 23,
  "cp_atm": 1005.2175096611177,
  "inputs": {
    "FractionsGround": {
      "fveg": 0.545,
      "fbare": 0,
      "fimp": 0.455,
      "Per_runoff": 0.9
    },
    "Gemeotry_m": {
      "Height_canyon": 6.5,
      "Width_canyon": 5.78,
      "Width_roof": 4.73,
      "Height_tree": 4.711,
      "Radius_tree": 0.289,
      "Distance_tree": 0.78899999999999992,
      "Hcan_max": "NaN",
      "Hcan_std": "NaN"
    },
    "MeteoData": {
      "SW_dir": 0,
      "SW_diff": 0,
      "LWR": 320.44956203280935,
      "Zatm": 25,
      "Tatm": 277.04999999999995,
      "Uatm": 0.4,
      "esat_Tatm": 807.25031297942337,
      "rel_hum": 0.946,
      "ea": 763.65879607853446,
      "Pre": 94872.321056993358,
      "q_atm": 0.0050219644814304557,
      "Catm_CO2": 400,
      "Catm_O2": 210000,
      "Rain": 0,
      "Time": "01-Jan-2010 01:00:00",
      "SunDSM_MRT": "NaN"
    },
    "ParTree": {
      "trees": 1,
      "ftree": 1
    },
    "ParVegGround": {
      "LAI": 2.5,
      "SAI": 0.001,
      "hc": 0.15,
      "h_disp": 0.099999999999999992,
      "d_leaf": 0.8,
      "CASE_ROOT": 1,
      "ZR95": 250,
      "ZR50": "NaN",
      "ZRmax": "NaN",
      "Rrootl": 3800,
      "PsiL50": -4,
      "PsiX50": -4.5,
      "FI": 0.081,
      "Do": 1000,
      "a1": 6,
      "go": 0.01,
      "CT": 3,
      "DSE": 0.656,
      "Ha": 55,
      "gmes": "Inf",
      "rjv": 2.4,
      "Kopt": 0.5,
      "Knit": 0.15,
      "Vmax": 68,
      "mSl": 0,
      "e_rel": 1,
      "e_relN": 1,
      "Psi_sto_00": -0.5,
      "Psi_sto_50": -3,
      "Sl": 0.035
    },
    "ParVegTree": {
      "LAI": 5,
      "SAI": 0.2,
      "d_leaf": 4,
      "CASE_ROOT": 1,
      "ZR95": 1000,
      "ZR50": "NaN",
      "ZRmax": "NaN",
      "Rrootl": 4000,
      "PsiL50": -3,
      "PsiX50": -4.5,
      "FI": 0.081,
      "Do": 1000,
      "a1": 9,
      "go": 0.01,
      "CT": 3,
      "DSE": 0.649,
      "Ha": 76,
      "gmes": "Inf",
      "rjv": 2.4,
      "Kopt": 0.5,
      "Knit": 0.35,
      "Vmax": 66,
      "mSl": 0,
      "e_rel": 1,
      "e_relN": 1,
      "Psi_sto_00": -0.5,
      "Psi_sto_50": -2.2,
      "Sl": 0.024,
      "SPARTREE": 2
    },
    "TemperatureC": [
      277.04999999999995,
      277.04999999999995,
      277.04999999999995,
      277.04999999999995,
      277.04999999999995,
      277.04999999999995,
      277.04999999999995,
      277.04999999999995,
      277.04999999999995,
      0.0050219644814304557
    ]
  },
  "rap_Zp1": 1046.1848931711809,
  "rap_Zp1_In": 142.58152858987296,
  "rap_Zp2": 1188.0920789318297,
  "rap_Zp2_In": 0.67434282922408784,
  "rho_atm": 1.1893660307070875
}