{
  "Gemeotry_m": {
    "Height_canyon": 6.5,
    "Width_canyon": 5.78,
    "Width_roof": 4.73,
    "Height_tree": 4.711,
    "Radius_tree": 0.289,
    "Distance_tree": 0.78899999999999992,
    "Hcan_max": null,
    "Hcan_std": null
  },
  "Hcanyon": 0,
  "HumidityCan": {
    "CanyonRelative": 0.946,
    "CanyonSpecific": 0.0050219644814304557,
    "CanyonVapourPre": 763.65879607853446,
    "CanyonRelativeSat": 1,
    "CanyonSpecificSat": 0.0053095555175058365,
    "CanyonVapourPreSat": 807.25031297942337
  },
  "LEcanyon": 0,
  "MeteoData": {
    "SW_dir": 0,
    "SW_diff": 0,
    "LWR": 320.44956203280935,
    "Zatm": 25,
    "Tatm": 277.04999999999995,
    "Uatm": 0.4,
    "esat_Tatm": 807.25031297942337,
    "rel_hum": 0.946,
    "ea": 763.65879607853446,
    "Pre": 94872.321056993358,
    "q_atm": 0.0050219644814304557,
    "Catm_CO2": 400,
    "Catm_O2": 210000,
    "Rain": 0,
    "Time": "01-Jan-2010 01:00:00",
    "SunDSM_MRT": null
  },
  "ParTree": {
    "trees": 1,
    "ftree": 1
  },
  "ParVegTree": {
    "LAI": 5,
    "SAI": 0.2,
    "d_leaf": 4,
    "CASE_ROOT": 1,
    "ZR95": 1000,
    "ZR50": null,
    "ZRmax": null,
    "Rrootl": 4000,
    "PsiL50": -3,
    "PsiX50": -4.5,
    "FI": 0.081,
    "Do": 1000,
    "a1": 9,
    "go": 0.01,
    "CT": 3,
    "DSE": 0.649,
    "Ha": 76,
    "gmes": null,
    "rjv": 2.4,
    "Kopt": 0.5,
    "Knit": 0.35,
    "Vmax": 66,
    "mSl": 0,
    "e_rel": 1,
    "e_relN": 1,
    "Psi_sto_00": -0.5,
    "Psi_sto_50": -2.2,
    "Sl": 0.024,
    "SPARTREE": 2
  },
  "TemperatureC": [
    277.04999999999995,
    277.04999999999995,
    277.04999999999995,
    277.04999999999995,
    277.04999999999995,
    277.04999999999995,
    277.04999999999995,
    277.04999999999995,
    277.04999999999995,
    0.0050219644814304557
  ],
  "a": 9,
  "fconv": 0,
  "fconvPreCalc": 0,
  "inputs": {
    "Gemeotry_m": {
      "Height_canyon": 6.5,
      "Width_canyon": 5.78,
      "Width_roof": 4.73,
      "Height_tree": 4.711,
      "Radius_tree": 0.289,
      "Distance_tree": 0.78899999999999992,
      "Hcan_max": null,
      "Hcan_std": null
    },
    "MeteoData": {
      "SW_dir": 0,
      "SW_diff": 0,
      "LWR": 320.44956203280935,
      "Zatm": 25,
      "Tatm": 277.04999999999995,
      "Uatm": 0.4,
      "esat_Tatm": 807.25031297942337,
      "rel_hum": 0.946,
      "ea": 763.65879607853446,
      "Pre": 94872.321056993358,
      "q_atm": 0.0050219644814304557,
      "Catm_CO2": 400,
      "Catm_O2": 210000,
      "Rain": 0,
      "Time": "01-Jan-2010 01:00:00",
      "SunDSM_MRT": null
    },
    "ParTree": {
      "trees": 1,
      "ftree": 1
    },
    "ParVegTree": {
      "LAI": 5,
      "SAI": 0.2,
      "d_leaf": 4,
      "CASE_ROOT": 1,
      "ZR95": 1000,
      "ZR50": null,
      "ZRmax": null,
      "Rrootl": 4000,
      "PsiL50": -3,
      "PsiX50": -4.5,
      "FI": 0.081,
      "Do": 1000,
      "a1": 9,
      "go": 0.01,
      "CT": 3,
      "DSE": 0.649,
      "Ha": 76,
      "gmes": null,
      "rjv": 2.4,
      "Kopt": 0.5,
      "Knit": 0.35,
      "Vmax": 66,
      "mSl": 0,
      "e_rel": 1,
      "e_relN": 1,
      "Psi_sto_00": -0.5,
      "Psi_sto_50": -2.2,
      "Sl": 0.024,
      "SPARTREE": 2
    },
    "TemperatureC": [
      277.04999999999995,
      277.04999999999995,
      277.04999999999995,
      277.04999999999995,
      277.04999999999995,
      277.04999999999995,
      277.04999999999995,
      277.04999999999995,
      277.04999999999995,
      0.0050219644814304557
    ],
    "fconv": 0,
    "fconvPreCalc": 0
  },
  "ra_canyon": 395.63571699070906,
  "ra_orig": 395.63571699070906,
  "w": [
    {
      "name": "Gemeotry_m",
      "size": [
        1,
        1
      ],
      "bytes": 1408,
      "class": "struct",
      "global": false,
      "sparse": false,
      "complex": false,
      "nesting": {
        "function": "HeatFlux_canyon",
        "level": 1
      },
      "persistent": false
    },
    {
      "name": "Hcanyon",
      "size": [
        1,
        1
      ],
      "bytes": 8,
      "class": "double",
      "global": false,
      "sparse": false,
      "complex": false,
      "nesting": {
        "function": "HeatFlux_canyon",
        "level": 1
      },
      "persistent": false
    },
    {
      "name": "HumidityCan",
      "size": [
        1,
        1
      ],
      "bytes": 1056,
      "class": "struct",
      "global": false,
      "sparse": false,
      "complex": false,
      "nesting": {
        "function": "HeatFlux_canyon",
        "level": 1
      },
      "persistent": false
    },
    {
      "name": "LEcanyon",
      "size": [
        1,
        1
      ],
      "bytes": 8,
      "class": "double",
      "global": false,
      "sparse": false,
      "complex": false,
      "nesting": {
        "function": "HeatFlux_canyon",
        "level": 1
      },
      "persistent": false
    },
    {
      "name": "MeteoData",
      "size": [
        1,
        1
      ],
      "bytes": 2816,
      "class": "struct",
      "global": false,
      "sparse": false,
      "complex": false,
      "nesting": {
        "function": "HeatFlux_canyon",
        "level": 1
      },
      "persistent": false
    },
    {
      "name": "ParTree",
      "size": [
        1,
        1
      ],
      "bytes": 352,
      "class": "struct",
      "global": false,
      "sparse": false,
      "complex": false,
      "nesting": {
        "function": "HeatFlux_canyon",
        "level": 1
      },
      "persistent": false
    },
    {
      "name": "ParVegTree",
      "size": [
        1,
        1
      ],
      "bytes": 5104,
      "class": "struct",
      "global": false,
      "sparse": false,
      "complex": false,
      "nesting": {
        "function": "HeatFlux_canyon",
        "level": 1
      },
      "persistent": false
    },
    {
      "name": "TemperatureC",
      "size": [
        1,
        10
      ],
      "bytes": 80,
      "class": "double",
      "global": false,
      "sparse": false,
      "complex": false,
      "nesting": {
        "function": "HeatFlux_canyon",
        "level": 1
      },
      "persistent": false
    },
    {
      "name": "a",
      "size": [
        1,
        1
      ],
      "bytes": 8,
      "class": "double",
      "global": false,
      "sparse": false,
      "complex": false,
      "nesting": {
        "function": "HeatFlux_canyon",
        "level": 1
      },
      "persistent": false
    },
    {
      "name": "fconv",
      "size": [
        1,
        1
      ],
      "bytes": 8,
      "class": "double",
      "global": false,
      "sparse": false,
      "complex": false,
      "nesting": {
        "function": "HeatFlux_canyon",
        "level": 1
      },
      "persistent": false
    },
    {
      "name": "fconvPreCalc",
      "size": [
        1,
        1
      ],
      "bytes": 8,
      "class": "double",
      "global": false,
      "sparse": false,
      "complex": false,
      "nesting": {
        "function": "HeatFlux_canyon",
        "level": 1
      },
      "persistent": false
    },
    {
      "name": "inputs",
      "size": [
        1,
        1
      ],
      "bytes": 10952,
      "class": "struct",
      "global": false,
      "sparse": false,
      "complex": false,
      "nesting": {
        "function": "HeatFlux_canyon",
        "level": 1
      },
      "persistent": false
    },
    {
      "name": "ra_canyon",
      "size": [
        1,
        1
      ],
      "bytes": 8,
      "class": "double",
      "global": false,
      "sparse": false,
      "complex": false,
      "nesting": {
        "function": "HeatFlux_canyon",
        "level": 1
      },
      "persistent": false
    },
    {
      "name": "ra_orig",
      "size": [
        1,
        1
      ],
      "bytes": 8,
      "class": "double",
      "global": false,
      "sparse": false,
      "complex": false,
      "nesting": {
        "function": "HeatFlux_canyon",
        "level": 1
      },