{
  "DEi": -5.5629838936216456E-9,
  "Ebare": 0,
  "Eimp": 0,
  "Eveg_int": 0,
  "Eveg_pond": 0,
  "Eveg_soil": 1.0702652955529675E-8,
  "FractionsGround": {
    "fveg": 0.545,
    "fbare": 0,
    "fimp": 0.455,
    "Per_runoff": 0.9
  },
  "Fshd_L": 0.42920383748815216,
  "Fsun_L": 0.57079616251184784,
  "Gemeotry_m": {
    "Height_canyon": 6.5,
    "Width_canyon": 5.78,
    "Width_roof": 4.73,
    "Height_tree": 4.711,
    "Radius_tree": 0.289,
    "Distance_tree": 0.78899999999999992,
    "Hcan_max": "NaN",
    "Hcan_std": "NaN"
  },
  "Humidity_ittm": {
    "CanyonRelative": 0,
    "CanyonSpecific": 0.0050219644814304557,
    "CanyonVapourPre": 0,
    "CanyonRelativeSat": 0,
    "CanyonSpecificSat": 0,
    "CanyonVapourPreSat": 0,
    "AtmRelative": 0,
    "AtmSpecific": 0,
    "AtmVapourPre": 0,
    "AtmRelativeSat": 0,
    "AtmSpecificSat": 0,
    "AtmVapourPreSat": 0,
    "q2m": 0.0050219644814304557
  },
  "MeteoData": {
    "SW_dir": 0,
    "SW_diff": 0,
    "LWR": 320.44956203280935,
    "Zatm": 25,
    "Tatm": 277.04999999999995,
    "Uatm": 0.4,
    "esat_Tatm": 807.25031297942337,
    "rel_hum": 0.946,
    "ea": 763.65879607853446,
    "Pre": 94872.321056993358,
    "q_atm": 0.0050219644814304557,
    "Catm_CO2": 400,
    "Catm_O2": 210000,
    "Rain": 0,
    "Time": "01-Jan-2010 01:00:00",
    "SunDSM_MRT": "NaN"
  },
  "ParCalculation": {
    "dts": 3600,
    "dth": 1,
    "row": 1000,
    "cp_atm": 1005.2175096611177,
    "rho_atm": 1.1893660307070875
  },
  "ParVegGround": {
    "LAI": 2.5,
    "SAI": 0.001,
    "hc": 0.15,
    "h_disp": 0.099999999999999992,
    "d_leaf": 0.8,
    "CASE_ROOT": 1,
    "ZR95": 250,
    "ZR50": "NaN",
    "ZRmax": "NaN",
    "Rrootl": 3800,
    "PsiL50": -4,
    "PsiX50": -4.5,
    "FI": 0.081,
    "Do": 1000,
    "a1": 6,
    "go": 0.01,
    "CT": 3,
    "DSE": 0.656,
    "Ha": 55,
    "gmes": "Inf",
    "rjv": 2.4,
    "Kopt": 0.5,
    "Knit": 0.15,
    "Vmax": 68,
    "mSl": 0,
    "e_rel": 1,
    "e_relN": 1,
    "Psi_sto_00": -0.5,
    "Psi_sto_50": -3,
    "Sl": 0.035
  },
  "Pre": 94872.321056993358,
  "T2m": 277.47300567826136,
  "TEveg": 0,
  "Tbare": 273.15,
  "Tcan": 277.77406051949447,
  "Timp": 277.00722438050548,
  "Tveg": 277.00878523167552,
  "Zp1": 2,
  "a": 23,
  "alp_soil_bare": 0.99973825150967155,
  "alp_soil_veg": 0.99974189724549489,
  "dw_L": 0,
  "fconv": 0.67088771918059509,
  "inputs": {
    "Ebare": 0,
    "Eimp": 0,
    "Eveg_int": 0,
    "Eveg_pond": 0,
    "Eveg_soil": 1.0702652955529675E-8,
    "FractionsGround": {
      "fveg": 0.545,
      "fbare": 0,
      "fimp": 0.455,
      "Per_runoff": 0.9
    },
    "Fshd_L": 0.42920383748815216,
    "Fsun_L": 0.57079616251184784,
    "Gemeotry_m": {
      "Height_canyon": 6.5,
      "Width_canyon": 5.78,
      "Width_roof": 4.73,
      "Height_tree": 4.711,
      "Radius_tree": 0.289,
      "Distance_tree": 0.78899999999999992,
      "Hcan_max": "NaN",
      "Hcan_std": "NaN"
    },
    "Humidity_ittm": {
      "CanyonRelative": 0,
      "CanyonSpecific": 0.0050219644814304557,
      "CanyonVapourPre": 0,
      "CanyonRelativeSat": 0,
      "CanyonSpecificSat": 0,
      "CanyonVapourPreSat": 0,
      "AtmRelative": 0,
      "AtmSpecific": 0,
      "AtmVapourPre": 0,
      "AtmRelativeSat": 0,
      "AtmSpecificSat": 0,
      "AtmVapourPreSat": 0,
      "q2m": 0.0050219644814304557
    },
    "MeteoData": {
      "SW_dir": 0,
      "SW_diff": 0,
      "LWR": 320.44956203280935,
      "Zatm": 25,
      "Tatm": 277.04999999999995,
      "Uatm": 0.4,
      "esat_Tatm": 807.25031297942337,
      "rel_hum": 0.946,
      "ea": 763.65879607853446,
      "Pre": 94872.321056993358,
      "q_atm": 0.0050219644814304557,
      "Catm_CO2": 400,
      "Catm_O2": 210000,
      "Rain": 0,
      "Time": "01-Jan-2010 01:00:00",
      "SunDSM_MRT": "NaN"
    },
    "ParCalculation": {
      "dts": 3600,
      "dth": 1,
      "row": 1000,
      "cp_atm": 1005.2175096611177,
      "rho_atm": 1.1893660307070875
    },
    "ParVegGround": {
      "LAI": 2.5,
      "SAI": 0.001,
      "hc": 0.15,
      "h_disp": 0.099999999999999992,
      "d_leaf": 0.8,
      "CASE_ROOT": 1,
      "ZR95": 250,
      "ZR50": "NaN",
      "ZRmax": "NaN",
      "Rrootl": 3800,
      "PsiL50": -4,
      "PsiX50": -4.5,
      "FI": 0.081,
      "Do": 1000,
      "a1": 6,
      "go": 0.01,
      "CT": 3,
      "DSE": 0.656,
      "Ha": 55,
      "gmes": "Inf",
      "rjv": 2.4,
      "Kopt": 0.5,
      "Knit": 0.15,
      "Vmax": 68,
      "mSl": 0,
      "e_rel": 1,
      "e_relN": 1,
      "Psi_sto_00": -0.5,
      "Psi_sto_50": -3,
      "Sl": 0.035
    },
    "Pre": 94872.321056993358,
    "T2m": 277.47300567826136,
    "TEveg": 0,
    "Tbare": 273.15,
    "Tcan": 277.77406051949447,
    "Timp": 277.00722438050548,
    "Tveg": 277.00878523167552,
    "Zp1": 2,
    "alp_soil_bare": 0.99973825150967155,
    "alp_soil_veg": 0.99974189724549489,
    "dw_L": 0,
    "fconv": 0.67088771918059509,
    "q2m": 0.0050221687631773317,
    "qcan": 0.0050221687631773317,
    "r_soil_bare": 0,
    "r_soil_veg": 349.24354887039084,
    "rap_can2m": 26154.622329302547,
    "rap_can2m_Inv": 3564.5382147499622,
    "rb_L": 84.202532941218735,
    "rho_atm": 1.1893660307070875,
    "rs_shd_L": 2512.8935830039468,
    "rs_sun_L": 2512.8935830039468
  },
  "q2m": 0.0050221687631773317,
  "qcan": 0.0050221687631773317,
  "r_soil_bare": 0,
  "r_soil_veg": 349.24354887039084,
  "rap_can2m": 26154.622329302547,
  "rap_can2m_Inv": 3564.5382147499622,
  "rb_L": 84.202532941218735,
  "rho_atm": 1.1893660307070875,
  "rs_shd_L": 2512.8935830039468,
  "rs_sun_L": 2512.8935830039468
}