{
  "BEM_on": 1,
  "Figure": 1,
  "FractionsGround_Out": {
    "fveg": 0.545,
    "fbare": 0,
    "fimp": 0.455,
    "Per_runoff": 0.9
  },
  "FractionsRoof_Out": {
    "fveg": 0.5,
    "fimp": 0.5,
    "Per_runoff": 1
  },
  "HumidityBuilding": {
    "qbin": [
      0.0050220325753460842,
      0.0050328335346762872
    ],
    "esatbin": [
      2339.0469163992625,
      2339.0469163992625
    ],
    "ebin": [
      763.66911918942867,
      765.30654546543462
    ],
    "RHbin": [
      0.32648730294175704,
      0.32718734288731172
    ]
  },
  "MeanRadiantTemperature": {
    "Tmrt": [
      3.4838680767591654,
      3.6601867029152118
    ],
    "BoleanInSun": [
      0,
      0
    ],
    "SWRdir_Person": [
      0,
      0
    ],
    "SWRdir_in_top": [
      0,
      0
    ],
    "SWRdir_in_bottom": [
      0,
      0
    ],
    "SWRdir_in_east": [
      0,
      0
    ],
    "SWRdir_in_south": [
      0,
      0
    ],
    "SWRdir_in_west": [
      0,
      0
    ],
    "SWRdir_in_north": [
      0,
      0
    ],
    "SWRdiff_Person": [
      0,
      0
    ],
    "LWR_Person": [
      332.5311337167991,
      333.37942151967229
    ]
  },
  "MeteoDataRaw": {
    "LWR_in": [
      320.44956203280935,
      321.31884441535436
    ],
    "SAB1_in": [
      0,
      0
    ],
    "SAB2_in": [
      0,
      0
    ],
    "SAD1_in": [
      0,
      0
    ],
    "SAD2_in": [
      0,
      0
    ],
    "T_atm": [
      277.04999999999995,
      277.25
    ],
    "windspeed_u": [
      0.4,
      0.4
    ],
    "pressure_atm": [
      94872.321056993358,
      94872.321056993358
    ],
    "rain": [
      0,
      0
    ],
    "rel_humidity": [
      0.946,
      0.93900000000000006
    ],
    "Date": [
      "01-Jan-2010 01:00:00",
      "01-Jan-2010 02:00:00"
    ]
  },
  "ParTree_Out": {
    "trees": 1,
    "ftree": 1
  },
  "Results2m": {
    "T2m": [
      277.47300567826136,
      277.80288196284647
    ],
    "q2m": [
      0.0050245508353559025,
      0.0050438523917467632
    ],
    "e_T2m": [
      764.05088951892083,
      766.97698297278066
    ],
    "RH_T2m": [
      0.91874439847765632,
      0.90117903980056135
    ],
    "qcan": [
      0.0050221687631773317,
      0.0050544354533366941
    ],
    "e_Tcan": [
      763.68976540866015,
      768.5813337272449
    ],
    "RH_Tcan": [
      0.899129298141437,
      0.889734006052611
    ]
  },
  "TempVec": {
    "TRoofImp": [
      276.17015619567661,
      276.4944972249238
    ],
    "TRoofVeg": [
      276.48857694618255,
      276.73198952387565
    ],
    "TRoofIntImp": [
      277.49921002096579,
      277.92049852815188
    ],
    "TRoofIntVeg": [
      277.31802091604345,
      277.584469206181
    ],
    "TGroundImp": [
      277.00722438050548,
      276.998029146025
    ],
    "TGroundBare": [
      273.15,
      273.15
    ],
    "TGroundVeg": [
      277.00878523167552,
      276.99914180342051
    ],
    "TTree": [
      276.64717272492817,
      276.8494183501424
    ],
    "TWallSun": [
      277.48925768600958,
      277.81793512874953
    ],
    "TWallShade": [
      277.48925768600952,
      277.81793512874958
    ],
    "TWallIntSun": [
      277.50245382697693,
      278.00534383906967
    ],
    "TWallIntShade": [
      277.50245382697693,
      278.00534383906967
    ],
    "TCanyon": [
      277.77406051949447,
      278.01547904436103
    ],
    "Tatm": [
      277.04999999999995,
      277.25
    ]
  },
  "TempVecB": {
    "Tceiling": [
      282.5530567232517,
      282.83977103524478
    ],
    "Tinwallsun": [
      282.1126768061211,
      282.46769921788285
    ],
    "Tinwallshd": [
      282.11267680612116,
      282.46769921788297
    ],
    "Twindows": [
      273.15,
      273.15
    ],
    "Tinground": [
      277.96121272588641,
      278.64007601370145
    ],
    "Tintmass": [
      273.15,
      273.15
    ],
    "Tbin": [
      293.15,
      293.15
    ],
    "qbin": [
      0.0050220325753460842,
      0.0050328335346762872
    ]
  },
  "UTCI": [
    6.4859785967766932,
    6.71897665366892
  ],
  "a": 13,
  "inputs": {
    "BEM_on": 1,
    "Figure": 1,
    "FractionsGround_Out": {
      "fveg": 0.545,
      "fbare": 0,
      "fimp": 0.455,
      "Per_runoff": 0.9
    },
    "FractionsRoof_Out": {
      "fveg": 0.5,
      "fimp": 0.5,
      "Per_runoff": 1
    },
    "HumidityBuilding": {
      "qbin": [
        0.0050220325753460842,
        0.0050328335346762872
      ],
      "esatbin": [
        2339.0469163992625,
        2339.0469163992625
      ],
      "ebin": [
        763.66911918942867,
        765.30654546543462
      ],
      "RHbin": [
        0.32648730294175704,
        0.32718734288731172
      ]
    },
    "MeanRadiantTemperature": {
      "Tmrt": [
        3.4838680767591654,
        3.6601867029152118
      ],
      "BoleanInSun": [
        0,
        0
      ],
      "SWRdir_Person": [
        0,
        0
      ],
      "SWRdir_in_top": [
        0,
        0
      ],
      "SWRdir_in_bottom": [
        0,
        0
      ],
      "SWRdir_in_east": [
        0,
        0
      ],
      "SWRdir_in_south": [
        0,
        0
      ],
      "SWRdir_in_west": [
        0,
        0
      ],
      "SWRdir_in_north": [
        0,
        0
      ],
      "SWRdiff_Person": [
        0,
        0
      ],
      "LWR_Person": [
        332.5311337167991,
        333.37942151967229
      ]
    },
    "MeteoDataRaw": {
      "LWR_in": [
        320.44956203280935,
        321.31884441535436
      ],
      "SAB1_in": [
        0,
        0
      ],
      "SAB2_in": [
        0,
        0
      ],
      "SAD1_in": [
        0,
        0
      ],
      "SAD2_in": [
        0,
        0
      ],
      "T_atm": [
        277.04999999999995,
        277.25
      ],
      "windspeed_u": [
        0.4,
        0.4
      ],
      "pressure_atm": [
        94872.321056993358,
        94872.321056993358
      ],
      "rain": [
        0,
        0
      ],
      "rel_humidity": [
        0.946,
        0.93900000000000006
      ],
      "Date": [
        "01-Jan-2010 01:00:00",
        "01-Jan-2010 02:00:00"
      ]
    },
    "ParTree_Out": {
      "trees": 1,
      "ftree": 1
    },
    "Results2m": {
      "T2m": [
        277.47300567826136,
        277.80288196284647
      ],
      "q2m": [
        0.0050245508353559025,
        0.0050438523917467632
      ],
      "e_T2m": [
        764.05088951892083,
        766.97698297278066
      ],
      "RH_T2m": [
        0.91874439847765632,
        0.90117903980056135
      ],
      "qcan": [
        0.0050221687631773317,
        0.0050544354533366941
      ],
      "e_Tcan": [
        763.68976540866015,
        768.5813337272449
      ],
      "RH_Tcan": [
        0.899129298141437,
        0.889734006052611
      ]
    },
    "TempVec": {
      "TRoofImp": [
        276.17015619567661,
        276.4944972249238
      ],
      "TRoofVeg": [
        276.48857694618255,
        276.73198952387565
      ],
      "TRoofIntImp": [
        277.49921002096579,
        277.92049852815188
      ],
      "TRoofIntVeg": [
        277.31802091604345,
        277.584469206181
      ],
      "TGroundImp": [
        277.00722438050548,
        276.998029146025
      ],
      "TGroundBare": [
        273.15,
        273.15
      ],
      "TGroundVeg": [
        277.00878523167552,
        276.99914180342051
      ],
      "TTree": [
        276.64717272492817,
        276.8494183501424
      ],
      "TWallSun": [
        277.48925768600958,
        277.81793512874953
      ],
      "TWallShade": [
        277.48925768600952,
        277.81793512874958
      ],
      "TWallIntSun": [
        277.50245382697693,
        278.00534383906967
      ],
      "TWallIntShade": [
        277.50245382697693,
        278.00534383906967
      ],
      "TCanyon": [
        277.77406051949447,
        278.01547904436103
      ],
      "Tatm": [
        277.04999999999995,
        277.25
      ]
    },