{
  "CASE_ROOT_H": 1,
  "CASE_ROOT_L": 1,
  "E_ground": 0,
  "In_ground": 0,
  "In_ground_tm1": 0,
  "In_max_ground": 10,
  "Kbot": "NaN",
  "Kfc": 0.2,
  "Otm1": [
    0.27961016494080004,
    0.27961016494080004,
    0.27961016494080004,
    0.27961016494080004
  ],
  "Pcla": 0.2,
  "Phy": 10000,
  "Porg": 0.025,
  "Psan": 0.4,
  "Runon_tm1": 0,
  "SPAR": 2,
  "WBalance_In_ground": 0,
  "ZR50_H": 0,
  "ZR50_L": "NaN",
  "ZR95_H": 0,
  "ZR95_L": 70,
  "ZRmax_H": 0,
  "ZRmax_L": "NaN",
  "Zs": [
    0,
    10,
    20,
    50,
    100
  ],
  "a": 24,
  "dIn_ground_dt": 0,
  "dth": 1,
  "f_ground": 0,
  "inputs": {
    "CASE_ROOT_H": 1,
    "CASE_ROOT_L": 1,
    "E_ground": 0,
    "In_ground_tm1": 0,
    "In_max_ground": 10,
    "Kbot": "NaN",
    "Kfc": 0.2,
    "Otm1": [
      0.27961016494080004,
      0.27961016494080004,
      0.27961016494080004,
      0.27961016494080004
    ],
    "Pcla": 0.2,
    "Phy": 10000,
    "Porg": 0.025,
    "Psan": 0.4,
    "Runon_tm1": 0,
    "SPAR": 2,
    "ZR50_H": 0,
    "ZR50_L": "NaN",
    "ZR95_H": 0,
    "ZR95_L": 70,
    "ZRmax_H": 0,
    "ZRmax_L": "NaN",
    "Zs": [
      0,
      10,
      20,
      50,
      100
    ],
    "dth": 1,
    "q_runon_veg": 0,
    "row": 1000
  },
  "q_runon_ground": -0,
  "q_runon_veg": 0,
  "row": 1000
}