{
  "E_imp": -2.3176265118454546E-10,
  "In_imp": 8.3434554426436368E-7,
  "In_imp_tm1": 0,
  "In_max_imp": 0.25,
  "K_imp": 0,
  "Lk_imp": 0,
  "Rain": 0,
  "Runon_tm1": 0,
  "WBalance_In_imp": 0,
  "a": 10,
  "dIn_imp_dt": 8.3434554426436368E-7,
  "dth": 1,
  "inputs": {
    "E_imp": -2.3176265118454546E-10,
    "In_imp_tm1": 0,
    "In_max_imp": 0.25,
    "K_imp": 0,
    "Rain": 0,
    "Runon_tm1": 0,
    "dth": 1,
    "row": 1000
  },
  "q_runon_imp": -0,
  "row": 1000
}