{
  "CASE_ROOT_H": 1,
  "CASE_ROOT_L": 1,
  "E_soil": 5.545272531209145E-10,
  "Exwat_H": [
    -0,
    -0,
    -0,
    -0
  ],
  "Exwat_L": [
    47128.030234698745,
    32966.657571375952,
    42612.574748180377,
    9532.7300269975749
  ],
  "Kbot": "NaN",
  "Kfc": 0.2,
  "Ko": [
    0.016384062476074313,
    0.017590507943821797,
    0.016815567013086542,
    0.017103058166327536
  ],
  "Lk": 0.017134579640331167,
  "O": [
    0.27869768569932285,
    0.28014655433447389,
    0.27922692832508994,
    0.27957259336101792
  ],
  "OS": 0.27869768569932285,
  "Otm1": [
    0.27961016494080004,
    0.27961016494080004,
    0.27961016494080004,
    0.27961016494080004
  ],
  "Pcla": 0.2,
  "Phy": 10000,
  "Porg": 0.025,
  "Psan": 0.4,
  "PsiL50_H": 0,
  "PsiL50_L": -4,
  "PsiX50_H": 0,
  "PsiX50_L": -4.5,
  "Psi_s_H": "NaN",
  "Psi_s_L": -0.033211136464945841,
  "Psi_soil": [
    3423.272505661701,
    3355.0719940122408,
    3388.6944890319783,
    3366.3342240704578
  ],
  "Qlat_in": [
    0,
    0,
    0,
    0,
    0
  ],
  "Rd": -0,
  "Rrootl_H": 0,
  "Rrootl_L": 3800,
  "SPAR": 2,
  "TE_H": 0,
  "TE_L": 0,
  "V": [
    1.8257442141069398,
    1.84023290045845,
    5.4931099210938328,
    9.1724664536194549
  ],
  "WBalance_soil": 1.9081958235744878E-15,
  "ZR50_H": 0,
  "ZR50_L": "NaN",
  "ZR95_H": 0,
  "ZR95_L": 70,
  "ZRmax_H": 0,
  "ZRmax_L": "NaN",
  "Zs": [
    0,
    10,
    20,
    50,
    100
  ],
  "a": 40,
  "dV_dt": -0.017136575938444309,
  "dth": 1,
  "f": 0,
  "inputs": {
    "CASE_ROOT_H": 1,
    "CASE_ROOT_L": 1,
    "E_soil": 5.545272531209145E-10,
    "Kbot": "NaN",
    "Kfc": 0.2,
    "Otm1": [
      0.27961016494080004,
      0.27961016494080004,
      0.27961016494080004,
      0.27961016494080004
    ],
    "Pcla": 0.2,
    "Phy": 10000,
    "Porg": 0.025,
    "Psan": 0.4,
    "PsiL50_H": 0,
    "PsiL50_L": -4,
    "PsiX50_H": 0,
    "PsiX50_L": -4.5,
    "Qlat_in": [
      0,
      0,
      0,
      0,
      0
    ],
    "Rrootl_H": 0,
    "Rrootl_L": 3800,
    "SPAR": 2,
    "TE_H": 0,
    "TE_L": 0,
    "ZR50_H": 0,
    "ZR50_L": "NaN",
    "ZR95_H": 0,
    "ZR95_L": 70,
    "ZRmax_H": 0,
    "ZRmax_L": "NaN",
    "Zs": [
      0,
      10,
      20,
      50,
      100
    ],
    "dth": 1,
    "f": 0,
    "row": 1000
  },
  "row": 1000
}